abalġad,abal+ġe-a=d,u.B.,ESS=1SG.ABS,noun
abalġi,abal+ġe,u.B.,.ABS,noun
abalġāe,abal+ġe-ae,u.B.,INS,noun
abalġāi,abal+ġe-ae,u.B.,INS,noun
abarim,ab+ar+i=m,u.B.,.ABS=CON,noun
abarri,ab+ar+i-ne,u.B.,ABL/INS,noun
abarri,ab+ar+i-ne-e,u.B.,RELAT.SG-DIR/LOC,noun
abi,avi,Gesicht,.ABS,noun
abi,avi,vor,,PREP
abiaža,ave-až-a,wer; jeder,PL-DAT/ESS,PRON
abiaža,avi-i-až-a,Gesicht,3POSS-PL-DAT/ESS,noun
abibaž,abi-iffe-až,u.B.,1POSS-PL.ABS,noun
abima,ave=ma,wer; jeder,.ABS=CON,PRON
abin,avi+n,vorne,,ADV
abin,avi-i-n,Gesicht,3POSS.SG-ABL/INS,noun
abin,avi-n,Gesicht,ABL/INS,noun
abin,avi=n,vor,=3SG.ABS,POST
abinam,avi+n=am,vorne,=CON,ADV
abinie,abi-ne,u.B.,ABL/INS,noun
abinie,abi-ne-e,u.B.,RELAT.SG-DIR/LOC,noun
abiva,avi-i-va,Gesicht,3POSS.SG-DAT,noun
abiġarrivenella,ab+iġ+ar+i-ne-ve-ne-e=lla,ein Oberflächenmaß,RELAT.SG-GEN-RELAT.SG-DIR/LOC=3PL.ABS,noun
abiššā,ave-ž=nna,wer; jeder,ERG=3SG.ABS,PRON
abriāži,abri-i-až-ve,u.B.,3POSS-PL-GEN,noun
abrām,abri-a=m,u.B.,ESS=2SG.ABS,noun
abrīda,abri-i-da,u.B.,3POSS.SG-DIR,noun
abundišši,abundi-šši,Feld,2POSS.PL.ABS,noun
abāri,abāri,Blei?,.ABS,noun
abēd,ave-ž=d,wer; jeder,ERG=1SG.ABS,PRON
abēdilla,ave-ž=dilla,wer; jeder,ERG=1PL.ABS,PRON
adal,ad-a=l,herabkommen?; herabbringen?,INT=3PL.ABS,verb
adal,ade-a=l,u.B.,ESS=3PL.ABS,noun
adal,adāl,stark; der Starke,.ABS,noun
adamġi,ad+am+ġe,u.B.,.ABS,noun
adaniašta,ad+ā+ni-i-až-da,Schemel,3POSS-PL-DIR,noun
adaštaža,ad+ašt+a+že-a,u.B.,ESS,noun
adaššene,ad+a+šše-ne-e,(Umwallung der) Unterstadt,RELAT.SG-DIR/LOC,noun
adašši,ad+a+šše,(Umwallung der) Unterstadt,.ABS,noun
adaššībi,ad+a+šše-ve,(Umwallung der) Unterstadt,GEN,noun
adaššīni,ad+a+šše-ne-e,(Umwallung der) Unterstadt,RELAT.SG-DIR/LOC,noun
ade,ad-i,herabkommen?; herabbringen?,TR.IMP,verb
ade,ad-i,u.B.,TR.IMP,verb
ade,ade,u.B.,.ABS,noun
adi,ad-i,herabkommen?; herabbringen?,ANTIP,verb
adi,ade,u.B.,.ABS,noun
adi,adi,so,,ADV
adminie,ad+mi-ne-e,Schemel,RELAT.SG-DIR/LOC,noun
adāllēlla,adāl-ne-e=lla,stark; der Starke,RELAT.SG-DIR/LOC=3PL.ABS,noun
adāllēlla,adāl-ne-ž=lla,stark; der Starke,RELAT.SG-ERG=3PL.ABS,noun
adāllēlla,adāl-ne=lla,stark; der Starke,ABL/INS=3PL.ABS,noun
adāni,ad+ā+ni,Schemel,.ABS,noun
adēma,ad-i=ma,herabkommen?; herabbringen?,TR.IMP=CON,verb
adēma,ade=ma,u.B.,.ABS=CON,noun
adīrġa,adīr+ġe-a,Gegner,ESS,noun
aga,ag-a,aufnehmen; aufrichten; erheben; heraufkommen,INT,verb
aga,ag-a,u.B.,INT,verb
aga,agi-a,PRON.ALT,ESS,PRON
aga,agi-a,u.B.,ESS,noun
agab,ag-a-b,aufnehmen; aufrichten; erheben; heraufkommen,INT-b,verb
agabēnāža,aga-ve-na-až-a,(Land) diesseits,GEN-RELAT.PL-PL-DAT/ESS,noun
agappa,ag-a-b=ma,aufnehmen; aufrichten; erheben; heraufkommen,INT-b=CON,verb
agarġu,ag+ar+ġ-o,u.B.,2A.SG,verb
agarġu,ag+ar+ġ-o,u.B.,MOD.PAT,verb
agarġu,ag+ar+ġ-u,u.B.,MED,verb
agašši,ag+a+šše,u.B.,.ABS,noun
agašši,ag-a-šše,aufnehmen; aufrichten; erheben; heraufkommen,INT-NMLZ.ABS,verb
agi,ag-i,aufnehmen; aufrichten; erheben; heraufkommen,ANTIP,verb
agi,ag-i,aufnehmen; aufrichten; erheben; heraufkommen,TR.IMP,verb
agi,ag-i,u.B.,ANTIP,verb
agi,ag-i,u.B.,TR.IMP,verb
agi,agi,PRON.ALT,.ABS,PRON
agi,agi,u.B.,.ABS,noun
agib,ag-i-b,aufnehmen; aufrichten; erheben; heraufkommen,ANTIP-b,verb
agiden,ag-id-en,aufnehmen; aufrichten; erheben; heraufkommen,PL.A-3JUSS,verb
agidu,ag-id-o,aufnehmen; aufrichten; erheben; heraufkommen,PL.A-TR.PFV,verb
agidōri,ag-id-o-re,aufnehmen; aufrichten; erheben; heraufkommen,PL.A-PAT-PTCP.ABS,verb
agirinibi,ag-i-re-ne-ve,aufnehmen; aufrichten; erheben; heraufkommen,AG-PTCP-RELAT.SG-GEN,verb
aguda,ago-da,PRON.ALT,DIR,PRON
agulla,ag-o=lla,aufnehmen; aufrichten; erheben; heraufkommen,MOD.PAT=3PL.ABS,verb
agulla,ag-u=lla,aufnehmen; aufrichten; erheben; heraufkommen,MED=3PL.ABS,verb
agulla,aguli-na,u.B.,RELAT.PL.ABS,noun
agulūwa,ag-ol-u-a,u.B.,ol-MED-3A.SG,verb
agum,ag-o-m,aufnehmen; aufrichten; erheben; heraufkommen,TR.PFV-3A.SG,verb
agum,ag-o=m,aufnehmen; aufrichten; erheben; heraufkommen,MOD.PAT=CON,verb
agum,ag-u=m,aufnehmen; aufrichten; erheben; heraufkommen,MED=CON,verb
aguma,ag-o+m+ae,aufnehmen; aufrichten; erheben; heraufkommen,CVB,verb
aguma,ag-o-m=ma,aufnehmen; aufrichten; erheben; heraufkommen,TR.PFV-3A.SG=CON,verb
aguma,ag-o=ma,aufnehmen; aufrichten; erheben; heraufkommen,MOD.PAT=CON,verb
aguma,agumi-a,u.B.,ESS,verb
agumaīm,ag-o+m+ae=m,aufnehmen; aufrichten; erheben; heraufkommen,CVB=2SG.ABS,verb
agumaīm,ag-o+m+ae=m,aufnehmen; aufrichten; erheben; heraufkommen,CVB=CON,verb
agunna,ag-o=nna,aufnehmen; aufrichten; erheben; heraufkommen,MOD.PAT=3SG.ABS,verb
agāve,aga-ve,(Land) diesseits,GEN,noun
agōž,ago-ž,PRON.ALT,ERG,PRON
agōža,ag-ož-a,aufnehmen; aufrichten; erheben; heraufkommen,PST-3A.SG,verb
agōži,ag-ož-i,aufnehmen; aufrichten; erheben; heraufkommen,PST-ANTIP,verb
agōžā,ag-ož-a,aufnehmen; aufrichten; erheben; heraufkommen,PST-3A.SG,verb
agūlla,ag-o=lla,aufnehmen; aufrichten; erheben; heraufkommen,MOD.PAT=3PL.ABS,verb
agūlla,ag-u=lla,aufnehmen; aufrichten; erheben; heraufkommen,MED=3PL.ABS,verb
agūlla,aguli-na,u.B.,RELAT.PL.ABS,noun
agūlla,agūlli-a,u.B.,ESS,unclear
agūmālla,ag-o-m-a=lla,aufnehmen; aufrichten; erheben; heraufkommen,TR.PFV-3A.SG-EPNTH=3PL.ABS,verb
agūrna,ag+ūr+ni-a,Verzierung,ESS,noun
ai,ai,falls; wenn,,CONJ
aia,Aia,Ea (DN),.ABS,noun
aiangurin,aianguri=n,u.B.,.ABS=3SG.ABS,noun
aigalduba,Aigaldu-va,DN,DAT,noun
aigalduda,Aigaldu-da,DN,DIR,noun
aima,ai=ma,falls; wenn,=CON,CONJ
aimān,ai=m=an,falls; wenn,=2SG.ABS=CON,CONJ
aimān,ai=mān,falls; wenn,=CON,CONJ
aiuda,Aiu-da,DN,DIR,noun
aiwpa,Aiu-va,DN,DAT,noun
aiwpi,Aiu-ve,DN,GEN,noun
akkadeni,akk+ade-ne,u.B.,ABL/INS,noun
akkadeni,akk+ade-ne-e,u.B.,RELAT.SG-DIR/LOC,noun
akki,ākki,PRON.ALT,.ABS,PRON
alaluž,Alalu-ž,DN,ERG,noun
alamuž,alami-ož,u.B.,EQU,noun
alda,ald-a,u.B.,INT,verb
alda,aldi-a,u.B.,ESS,noun
aldāi,al-d-i-ae,u.B.,d-MOD.AG-PURP,verb
aldāi,ald-i-ae,u.B.,MOD.AG-PURP,verb
aldāi,aldi-ae,u.B.,INS,noun
aldāi,aldā+i,u.B.,.ABS,noun
aliab,alē-a-b,heranreichen lassen; sich nähern,INT-b,verb
alikki,al-i-kki,u.B.,ANTIP-NEG,verb
alilanum,al+il+an-o-m,jammern; beklagen; schreien,TR.PFV-3A.SG,verb
aliptiažal,al+i+pte-i-až-a=l,u.B.,3POSS-PL-DAT/ESS=3PL.ABS,noun
alipši,al+ipš+i,Ziegel,.ABS,noun
allai,ālla+i,Herrin,.ABS,noun
allani,Āllāni,DN,.ABS,noun
allannida,Āllāni-ne-da,DN,RELAT.SG-DIR,noun
allanuḫḫinia,alla+n+o+ḫḫe-ne-va,königlich (weiblich),RELAT.SG-DAT,ADJ
allanzōn,Allanzō=n,DN,.ABS=3SG.ABS,noun
allanōḫḫi,alla+n+o+ḫḫe,königlich (weiblich),.ABS,ADJ
allumāda,allum+āde-a,u.B.,ESS,noun
allumāda,allumi-a=tta,u.B.,ESS=1SG.ABS,noun
allāi,ālla+i,Herrin,.ABS,noun
allāni,alla+ni,Herrin,.ABS,noun
allīġa,all+ī+ġe-a,u.B.,ESS,noun
allīġa,all-iġ-a,u.B.,iġ-3A.SG,verb
allīġa,all-iġ-a,u.B.,iġ-INT,verb
alubadinaža,al+o+bade-na-až-a,u.B.,RELAT.PL-PL-DAT/ESS,noun
alubasḫini,al+u+b+a+sḫi-ne,u.B.,ABL/INS,noun
alubasḫini,al+u+b+a+sḫi-ne-e,u.B.,RELAT.SG-DIR/LOC,noun
alulbi,alulbi,u.B.,.ABS,noun
alulda,al-ol-d-a,trinken; tränken,ol-PL.A-3A,verb
alulū,al-ol-u,u.B.,ol-MED,verb
aluma,alu-o+m+ae,sprechen,CVB,verb
alumai,alu-o+m+ae,sprechen,CVB,verb
alumain,al-o+m+ae-n,sprechen,CVB-n,verb
alumain,alu-o+m+ae-n,sprechen,CVB-n,verb
alumaīn,al-o+m+ae-n,sprechen,CVB-n,verb
alumbasḫi,al+u+mb+a+sḫe,u.B.,.ABS,noun
alumma,al-umme-a,u.B.,INF-ESS,verb
alummai,al-o+m+ae,sprechen,CVB,verb
alummini,al-umme-ne,u.B.,INF-ABL/INS,verb
alummini,al-umme-ne-e,u.B.,INF-RELAT.SG-DIR/LOC,verb
alummāi,al-o+m+ae,sprechen,CVB,verb
alumāi,alu-o+m+ae,sprechen,CVB,verb
alumāin,al-o+m+ae-n,sprechen,CVB-n,verb
alumāin,alu-o+m+ae-n,sprechen,CVB-n,verb
alumāīn,alu-o+m+ae-n,sprechen,CVB-n,verb
alumē,alu-o+m+ae,sprechen,CVB,verb
alurina,al+o+re-na,u.B.,RELAT.PL.ABS,noun
aluīb,alu-i-b,sprechen,ANTIP-b,verb
alušti,alu-ušt-i,sprechen,RES-TR.IMP,verb
alvovade,alv+o+vade,u.B.,.ABS,ADJ
alzialli,ālžīālli,Widersprecher?,.ABS,noun
alālae,alāli-ae,ein Gewand,INS,noun
alāži,al+ā+že,u.B.,.ABS,noun
alāži,alāže,ob; entweder,,CONJ
alēōb,alē-o-m,heranreichen lassen; sich nähern,TR.PFV-3A.SG,verb
alġi,alġ-i,u.B.,ANTIP,verb
alġi,alġi,u.B.,.ABS,noun
alōlašši,al-ol-a-šše,trinken; tränken,ol-3A.SG-NMLZ.ABS,verb
alōri,al+o+re,u.B.,.ABS,noun
alūmāin,al-o+m+ae-n,sprechen,CVB-n,verb
alūri,al+o+re,u.B.,.ABS,noun
alūrina,al+o+re-na,u.B.,RELAT.PL.ABS,noun
amanniniba,am+a+nni-ne-va,u.B.,RELAT.SG-DAT,noun
amarikkuwanin,Amarikkuwa-ne-n,GN,RELAT.SG-ABL/INS,noun
amarillōm,am-ar-ill-o-m,ansehen,ITER-INGR-TR.PFV-3A.SG,verb
amattena,ammatte-na,"früher, uralt",RELAT.PL.ABS,ADJ
amašteda,am-ašt-ed-a,ansehen,RES-FUT-3A.SG,verb
amašteda,am-ašt-ed-a,verbrennen,RES-FUT-3A.SG,verb
ambaža,amb+a+že-a,Brandopfer,ESS,noun
amelānni,am-i-l-anni,verbrennen,MOD.AG-l-DESID,verb
ammatti,ammatte,"früher, uralt",.ABS,ADJ
ammen,amm-i-en,erreichen; gelangen lassen,MOD.AG-3JUSS,verb
ammidi,amm-ed-i,erreichen; gelangen lassen,FUT-ANTIP,verb
ammidū,amm-ed-o,erreichen; gelangen lassen,FUT-2A.SG,verb
ammum,amm-o-m,erreichen; gelangen lassen,TR.PFV-3A.SG,verb
ammummi,amm+u+mmi,Administrator,.ABS,noun
ammummi,amm-umme,erreichen; gelangen lassen,INF.ABS,verb
ammurami,ammurami,u.B.,.ABS,noun
ammužikkunne,amm+ož+ikk+o+nni,u.B.,.ABS,noun
ammužima,amm-ož-i=ma,erreichen; gelangen lassen,PST-ANTIP=CON,verb
ammēda,amm-ed-a,erreichen; gelangen lassen,FUT-3A.SG,verb
amudum,am-ud-o-m,ansehen,NEG-TR.PFV-3A.SG,verb
amudōbadi,am+ud-o-vade,u.B.,PAT-ADJ.NEG.ABS,verb
amudōbadi,am-ud-o-vade,ansehen,ud-PAT-ADJ.NEG.ABS,verb
amulēž,am-o-l-ež,u.B.,MOD.PAT-l-OPT,verb
amulūdōm,am-ol-ud-o-m,ansehen,ol-NEG-TR.PFV-3A.SG,verb
amumām,am+o+mi-a=m,Botschaft,ESS=CON,noun
amuwīn,am-o-en,ansehen,MOD.PAT-3JUSS,verb
amānumal,am+ān+umi-a=l,u.B.,ESS=3PL.ABS,noun
amānumal,am-an-o-m-a=l,u.B.,an-TR.PFV-3A.SG-EPNTH=3PL.ABS,verb
amāttīna,ammatte-na,"früher, uralt",RELAT.PL.ABS,ADJ
amīri,amīri,u.B.,.ABS,noun
amōdum,am-ud-o-m,ansehen,NEG-TR.PFV-3A.SG,verb
amōludum,am-ol-ud-o-m,ansehen,ol-NEG-TR.PFV-3A.SG,verb
amōludōm,am-ol-ud-o-m,ansehen,ol-NEG-TR.PFV-3A.SG,verb
amōmāb,am+o+mi-a=v,Botschaft,ESS=2PL.ABS,noun
amōža,am-ož-a,u.B.,PST-3A.SG,verb
amūminēva,amm+u+mmi-ne-va,Administrator,RELAT.SG-DAT,noun
anagina,anagi-na,u.B.,RELAT.PL.ABS,noun
anamma,anam=ma,so,=CON,ADV
anammi,anammi,so,,ADV
anammimma,anammi=mma,so,=2SG.ABS,ADV
anamminna,anammi=nna,so,=3SG.ABS,ADV
ananareškinibāe,an+an+ar+i+ški-ne-ve-ae,Freude?,RELAT.SG-GEN-INS,noun
ananariškinibāe,an+an+ar+i+ški-ne-ve-ae,Freude?,RELAT.SG-GEN-INS,noun
ananešḫiani,an+an+e+šḫe-i-ane,Freude?; Erfreuliches?,3POSS.SG-ABL/INS,noun
anaulēž,ana-o-l-ež,sich freuen; erfreuen,MOD.PAT-l-OPT,verb
anaštikki,an-ašt-i-kki,sich freuen,RES-ANTIP-NEG,verb
anaḫḫužellae,an-aḫḫ-ož-ill-i-ae,u.B.,aḫḫ-ož-ill-MOD.AG-PURP,verb
andi,andi,PRON.ANAPH,.ABS,PRON
andillam,andi=lla=m,PRON.ANAPH,.ABS=3PL.ABS=CON,PRON
ani,Ani,DN,.ABS,noun
anikki,an-i-kki,sich freuen,ANTIP-NEG,verb
aninie,ane-ne,PRON.ANAPH?,ABL/INS,PRON
aninie,ane-ne-e,PRON.ANAPH?,RELAT.SG-DIR/LOC,PRON
annel,anni=l,PRON.DEM,.ABS=3PL.ABS,PRON
anni,anni,PRON.DEM,.ABS,PRON
annim,anni=m,PRON.DEM,.ABS=CON,PRON
annivi,ani-ne-ve,u.B.,RELAT.SG-GEN,noun
annivi,anni-ve,u.B.,GEN,noun
annivi,annivi,u.B.,.ABS,noun
anzangiēž,anz+angi-e-ž,u.B.,3POSS.SG-ERG,noun
anzini,anzi-ne,u.B.,ABL/INS,noun
anziġiaž,anz+i+ġe-i-až,u.B.,3POSS-PL.ABS,noun
anzu,anz-o,u.B.,MOD.PAT,verb
anzu,anz-u,u.B.,MED,verb
anzušša,an-z-ož=nna,PRON.DEM,PL-ERG=3SG.ABS,PRON
anzīma,anz-i=ma,u.B.,ANTIP=CON,verb
anzīma,anz-i=ma,u.B.,TR.IMP=CON,verb
anzīma,anzi-i=ma,u.B.,3POSS.SG.ABS=CON,noun
anzīma,anzi=ma,u.B.,.ABS=CON,noun
appi,avi,vor,,PREP
appide,appide,u.B.,.ABS,noun
appubin,appubi-n,u.B.,ABL/INS,noun
appubin,tuppubi-n,u.B.,ABL/INS,noun
appubin,umbubi-n,u.B.,ABL/INS,noun
apsižnāġi,Apsižnā-ġe,GN,ADJ.ABS,noun
apsōenin,Apsu-ve-ne-n,GN,GEN-RELAT.SG-ABL/INS,noun
apšena,apše-na,Schlange,RELAT.PL.ABS,noun
apšeneve,apše-ne-ve,Schlange,RELAT.SG-GEN,noun
apšēniž,apše-ne-ž,Schlange,RELAT.SG-ERG,noun
aramdōm,ar-am-d-o-m,u.B.,FACT-d-TR.PFV-3A.SG,noun
aranziġōba,Aranziġō-va,GN,DAT,noun
arbarra,arb+ar+i-na,u.B.,RELAT.PL.ABS,noun
arda,arde-a,Stadt,ESS,noun
arde,arde,Stadt,.ABS,noun
ardebāi,arde-ve-ae,Stadt,GEN-INS,noun
ardeni,arde-ne,Stadt,ABL/INS,noun
ardeni,arde-ne-e,Stadt,RELAT.SG-DIR/LOC,noun
ardinin,arde-ne-e=n,Stadt,RELAT.SG-DIR/LOC=3SG.ABS,noun
ardinin,arde-ne-e=n,Stadt,RELAT.SG-DIR/LOC=CON,noun
ardinin,arde-ne-n,Stadt,RELAT.SG-ABL/INS,noun
ardinin,arde-ne=n,Stadt,ABL/INS=3SG.ABS,noun
ardinin,arde-ne=n,Stadt,ABL/INS=CON,noun
arduġiniž,ard+o+ġe-ne-ž,städtisch?,RELAT.SG-ERG,ADV
ardē,arde,Stadt,.ABS,noun
ardēn,arde-n,Stadt,ABL/INS,noun
ardēn,arde=n,Stadt,.ABS=3SG.ABS,noun
ardēn,arde=n,Stadt,.ABS=CON,noun
ardūri,ard-ur-i,u.B.,ur-ANTIP,verb
ardūri,ardūri,u.B.,.ABS,noun
areššal,ar+e+šše-a=l,u.B.,ESS=3PL.ABS,noun
areššal,ar-i-ež-a=l,geben,MOD.AG-OPT-EPNTH=3PL.ABS,verb
ari,ar-i,geben,ANTIP,verb
ari,ar-i,geben,TR.IMP,verb
ari,ari,u.B.,.ABS,noun
ari,āri,das Böse,.ABS,noun
ariamma,ar-i-a-mma,geben,TR-3A.SG-NEG,verb
arian,ar-i-en,geben,MOD.AG-3JUSS,verb
aribiblaž,Arib.Ebla-ž,PN,ERG,noun
ariliffa,arili-iffe-a,u.B.,1POSS.SG-ESS,noun
ariliffa,arili-v-va,u.B.,2POSS.SG-DAT,noun
arire,ar+i+re,Geber,.ABS,noun
armimmi,arm+i+mmi,u.B.,.ABS,noun
armuž,arm-o-ež,u.B.,MOD.PAT-OPT,verb
armuž,armi-ož,u.B.,EQU,noun
arna,arni-a,Sünde,ESS,noun
arni,arni,Sünde,.ABS,noun
arnāi,arni-ae,Sünde,INS,noun
aru,ar-o,geben,MOD.PAT,verb
arulib,ar-ol-i-b,geben,ol-ANTIP-b,verb
arulim,ar-ol-i=m,geben,ol-TR.IMP=2SG.ABS,verb
arulli,ar-ol-i-le,geben,ol-MOD.AG-1JUSS,verb
arulli,ar-ull-i,geben,ull-ANTIP,verb
arulli,aruli-ne,u.B.,ABL/INS,noun
arulli,aruli-ne-e,u.B.,RELAT.SG-DIR/LOC,noun
aruluššina,ar-ol-o-šše-na,geben,ol-2A.SG-NMLZ-RELAT.PL.ABS,verb
arulāuž,ar-ol-aw-ž,geben,ol-1A-PL,verb
aruri,ar-o-re,geben,PAT-PTCP.ABS,verb
aruwallāena,aruwallāe-na,u.B.,RELAT.PL.ABS,noun
aruwallāenama,aruwallāe-na=ma,u.B.,RELAT.PL.ABS=CON,noun
aružellāim,ar-ož-ill-i-ae=m,geben,ož-ill-MOD.AG-PURP=CON,verb
arāgi,arāgi,u.B.,.ABS,noun
arīvin,ari-i-ve=n,u.B.,3POSS.SG-GEN=3SG.ABS,verb
arīvin,ari-i-ve=n,u.B.,3POSS.SG-GEN=CON,verb
arīvin,arīvi-n,u.B.,ABL/INS,noun
arīvin,āri-i-ve=n,das Böse,3POSS.SG-GEN=3SG.ABS,noun
arīvin,āri-i-ve=n,das Böse,3POSS.SG-GEN=CON,noun
arōlauž,ar-ol-aw-ž,geben,ol-1A-PL,verb
arōlawunna,ar-ol-aw=nna,geben,ol-1A.SG=3SG.ABS,verb
arōluda,ar-ol-u-d-a,geben,ol-MED-PL.A-3A,verb
arōluda,ar-ol-ud-a,geben,ol-ud-3A.SG,verb
arōluda,ar-ol-ud-a,geben,ol-ud-INT,verb
arōlullub,ar-ol-ull-o-m,geben,ol-ull-TR.PFV-3A.SG,verb
arōlāuž,ar-ol-aw-ž,geben,ol-1A-PL,verb
arūlāuž,ar-ul-aw-ž,geben,ul-1A-PL,verb
arūžu,ar-ož-o,geben,PST-2A.SG,verb
arūžušši,ar-ož-o-šše,geben,PST-2A.SG-NMLZ.ABS,verb
assusḫa,assusḫi-a,u.B.,ESS,noun
assusḫi,assusḫi,u.B.,.ABS,noun
attaebini,atta+i-i-ve-ne-e,Vater,3POSS.SG-GEN-RELAT.SG-DIR/LOC,noun
attaebini,atta+i-ve-ne-e,Vater,GEN-RELAT.SG-DIR/LOC,noun
attai,atta+i,Vater,.ABS,noun
attai,atta+i-i,Vater,3POSS.SG.ABS,noun
attaibinešša,atta+i-i-ve-ne-ž=nna,Vater,3POSS.SG-GEN-RELAT.SG-ERG=3SG.ABS,noun
attaibinešša,atta+i-ve-ne-ž=nna,Vater,GEN-RELAT.SG-ERG=3SG.ABS,noun
attaida,atta+i-da,Vater,DIR,noun
attaippināža,atta+i-v-ve-na-až-a,Vater,2POSS.SG-GEN-RELAT.PL-PL-DAT/ESS,noun
attaivi,atta+i-i-ve,Vater,3POSS.SG-GEN,noun
attaivi,atta+i-ve,Vater,GEN,noun
attanōva,att-an-o-eva,u.B.,an-MOD.PAT-POT,verb
attubadenež,att+o+bade-ne-ž,u.B.,RELAT.SG-ERG,noun
attāi,atta+i,Vater,.ABS,noun
attāne,atta+ni,Vater,.ABS,noun
attānima,atta+ni=ma,Vater,.ABS=CON,noun
atḫalve,atḫalve,u.B.,.ABS,noun
au,aō,Siehe!,,INTJ
auliž,aoli-ž,u.B.,ERG,noun
ava,av-a,u.B.,INT,verb
ava,avi-a,Gesicht,ESS,noun
ava,avi-a,u.B.,ESS,noun
avallivena,av+al+i-ne-ve-ne-a,Feld,RELAT.SG-GEN-RELAT.SG-ESS,noun
avalġa,av+al+ġe-a,u.B.,ESS,noun
avarrašta,avari-na-až-da,Offenland,RELAT.PL-PL-DIR,noun
avarri,avari-ne,Offenland,ABL/INS,noun
avarri,avari-ne-e,Offenland,RELAT.SG-DIR/LOC,noun
avarribi,avari-ne-ve,Offenland,RELAT.SG-GEN,noun
avarribina,avari-ne-ve-na,Offenland,RELAT.SG-GEN-RELAT.PL.ABS,noun
avarrie,avari-ne,Offenland,ABL/INS,noun
avarrie,avari-ne-e,Offenland,RELAT.SG-DIR/LOC,noun
avaštiž,av-ašt-i-ež,u.B.,RES-MOD.AG-OPT,verb
aveaža,ave-až-a,wer; jeder,PL-DAT/ESS,PRON
aveda,ave-da,wer; jeder,DIR,PRON
aveiaža,ave-až-a,wer; jeder,PL-DAT/ESS,PRON
avena,ave-na,u.B.,RELAT.PL.ABS,noun
avi,avi,vor,,POST
avi,avi,vor,,PREP
avida,avi-i-da,Gesicht,3POSS.SG-DIR,noun
avin,avi+n,vorne,,ADV
avin,avi-n,Gesicht,ABL/INS,noun
avālġi,av+al+ġe,u.B.,.ABS,noun
avāštum,av-ašt-o-m,u.B.,RES-TR.PFV-3A.SG,verb
avīn,avi+n,vorne,,ADV
awfa,a-u-a,u.B.,MED-3A.SG,verb
awfa,auwi-a,u.B.,ESS,noun
awtaluman,Audalumma=n,PN,.ABS=3SG.ABS,noun
awtalumman,Audalumma=n,PN,.ABS=3SG.ABS,noun
awtuwi,Audūi,PN,.ABS,noun
azalda,az+al+di-a,u.B.,ESS,noun
azalda,az-al-d-a,u.B.,al-d-3A.SG,verb
azalda,az-al-d-a,u.B.,al-d-INT,verb
azaldili,az-al-d-i-le,u.B.,al-d-MOD.AG-1JUSS,verb
azaldēda,az-al-d-ed-a,u.B.,al-d-FUT-3A.SG,verb
azallaenen,azallae-ne-n,u.B.,RELAT.SG-ABL/INS,noun
azallin,az-al-i-le=n,u.B.,al-MOD.AG-1JUSS=3SG.ABS,verb
azallin,az-al-i-le=n,u.B.,al-MOD.AG-1JUSS=CON,verb
azallin,azali-ne-e=n,u.B.,RELAT.SG-DIR/LOC=3SG.ABS,noun
azallin,azali-ne-e=n,u.B.,RELAT.SG-DIR/LOC=CON,noun
azallin,azali-ne-n,u.B.,RELAT.SG-ABL/INS,noun
azallin,azali-ne=n,u.B.,ABL/INS=3SG.ABS,noun
azallin,azali-ne=n,u.B.,ABL/INS=CON,noun
azallin,azalli=n,u.B.,.ABS=3SG.ABS,noun
azallin,azalli=n,u.B.,.ABS=CON,noun
azamaruliēž,az-am-ar-o-l-ež,u.B.,FACT-ITER-MOD.PAT-l-OPT,verb
aziri,assīri,Gefangener,.ABS,noun
aziri,aziri,u.B.,.ABS,noun
azusḫa,azusḫi-a,u.B.,ESS,noun
azusḫi,azusḫi,u.B.,.ABS,noun
azāštum,az-ašt-o-m,u.B.,RES-TR.PFV-3A.SG,verb
azīri,assīri,Gefangener,.ABS,noun
aēššam,ave-ž=nna=m,wer; jeder,ERG=3SG.ABS=CON,PRON
aēššam,aēšši-a=m,u.B.,ESS=2SG.ABS,noun
aēššam,aēšši-a=m,u.B.,ESS=CON,noun
aġarrež,aġri-ne-ž,Weihrauch,RELAT.SG-ERG,noun
aġarri,aġarri,Weihrauch,.ABS,noun
aġarri,aġri-ne,Weihrauch,ABL/INS,noun
aġarribi,aġri-ne-ve,Weihrauch,RELAT.SG-GEN,noun
aġarribināža,aġri-ne-ve-na-až-a,Weihrauch,RELAT.SG-GEN-RELAT.PL-PL-DAT/ESS,noun
aġarribāe,aġri-ne-ve-ae,Weihrauch,RELAT.SG-GEN-INS,noun
aġarrēba,aġri-ne-va,Weihrauch,RELAT.SG-DAT,noun
aġarrēbuž,aġri-ne-ve-ož,Weihrauch,RELAT.SG-GEN-EQU,noun
aġarrēl,aġri-ne-ž=l,Weihrauch,RELAT.SG-ERG=3PL.ABS,noun
aġaštedab,aʾ-ašt-ed-aw,u.B.,RES-FUT-1A.SG,verb
aġrinninibinida,aġr+i+nni-ne-ve-ne-da,u.B.,RELAT.SG-GEN-RELAT.SG-DIR,noun
aġrušḫini,aġr+o+šḫe-ne,Räucherschale,ABL/INS,noun
aġrāid,aġri-ae=d,Weihrauch,INS=1SG.ABS,noun
aġrāid,aġrā-i=d,weihräuchern,ANTIP=1SG.ABS,verb
aġuina,aġui-na,u.B.,RELAT.PL.ABS,noun
aġāštedab,aʾ-ašt-ed-aw,u.B.,RES-FUT-1A.SG,verb
aġāštedu,aʾ-ašt-ed-o,u.B.,RES-FUT-2A.SG,verb
aīb,ai=m,falls; wenn,=2SG.ABS,CONJ
aīmma,ai=mma,falls; wenn,=2SG.ABS,CONJ
aīn,ai=n,falls; wenn,=3SG.ABS,CONJ
aīn,ai=n,falls; wenn,=CON,CONJ
aōl,aō=l,Siehe!,=3PL.ABS,INTJ
aškili,ašk-i-le,fragen?; zur Rede stellen?,MOD.AG-1JUSS,verb
aškōlāe,ašk-o-l-ae,fragen?; zur Rede stellen?,MOD.PAT-l-PURP,verb
ašteniva,āšte-ne-va,(Ehe)frau,RELAT.SG-DAT,noun
aštenna,āšte-nna,(Ehe)frau,EQU2,noun
aštenna,āšte=nna,(Ehe)frau,.ABS=3SG.ABS,noun
aštuḫḫina,ašt+o+ḫḫe-na,weiblich,RELAT.PL.ABS,ADJ
aštuḫḫinažuž,ašt+o+ḫḫe-na-až-ož,weiblich,RELAT.PL-PL-ERG,ADJ
aštuḫḫinažāi,ašt+o+ḫḫe-na-až-ve-ae,weiblich,RELAT.PL-PL-GEN-INS,ADJ
aštuḫḫināža,ašt+o+ḫḫe-na-až-a,weiblich,RELAT.PL-PL-DAT/ESS,ADJ
aštuḫḫināžuž,ašt+o+ḫḫe-na-až-ož,weiblich,RELAT.PL-PL-ERG,ADJ
aštuḫḫāe,ašt+o+ḫḫe-ae,weiblich,INS,ADJ
aštāgabi,aštaga-ve,Frau,GEN,noun
aštēna,āšte-na,(Ehe)frau,RELAT.PL.ABS,noun
ašḫaštaġe,ašḫ+ašt+a+ḫḫe,u.B.,.ABS,noun
ašḫaštaġe,ašḫ+ašt+aʾe,u.B.,.ABS,noun
ašḫu,ašḫo,oben,,ADV
ašḫudan,ašḫo-da=an,Oberseite,DIR=CON,noun
ašḫudan,ašḫo-da=n,Oberseite,DIR=3SG.ABS,noun
ašḫudan,ašḫo-dan,Oberseite,ABL,noun
ašḫuidan,ašḫo-i-dan,Oberseite,3POSS.SG-ABL,noun
ašḫunilla,ašḫo-ne-e=lla,Oberseite,RELAT.SG-DIR/LOC=3PL.ABS,noun
ašḫunilla,ašḫo-ne=lla,Oberseite,ABL/INS=3PL.ABS,noun
ašḫuwe,āšḫo+e,hinauf,,ADV
ašḫužekkunni,āšḫ+ož+i+kk+o+nni,Ritualherr(in),.ABS,noun
ašḫužikkuninibi,āšḫ+ož+i+kk+o+nni-ne-ve,Ritualherr(in),RELAT.SG-GEN,noun
ašḫužikkunni,āšḫ+ož+i+kk+o+nni,Ritualherr(in),.ABS,noun
ašḫužikkunniba,āšḫ+ož+i+kk+o+nni-va,Ritualherr(in),DAT,noun
ašḫužikkunnibi,āšḫ+ož+i+kk+o+nni-ve,Ritualherr(in),GEN,noun
ašḫužikkunnida,āšḫ+ož+i+kk+o+nni-da,Ritualherr(in),DIR,noun
ašḫužikkunnima,āšḫ+ož+i+kk+o+nni=ma,Ritualherr(in),.ABS=CON,noun
ašḫužikkunniniba,āšḫ+ož+i+kk+o+nni-ne-va,Ritualherr(in),RELAT.SG-DAT,noun
ašḫužikkunninibi,āšḫ+ož+i+kk+o+nni-ne-ve,Ritualherr(in),RELAT.SG-GEN,noun
ašḫō,ašḫo,oben,,ADV
ašḫō,āšḫ-o,opfern,MOD.PAT,verb
ašḫōnan,ašḫo-n=an,Oberseite,ABL/INS=CON,noun
ašḫōnan,ašḫo=n=an,Oberseite,=3SG.ABS=CON,noun
ažammu,až-amm-o,u.B.,FACT-2A.SG,verb
ažammu,až-amm-o,u.B.,FACT-MOD.PAT,verb
ažammu,až-amm-u,u.B.,FACT-MED,verb
ažamri,ažamri,u.B.,.ABS,noun
ažanub,až-an-o-m,u.B.,an-TR.PFV-3A.SG,verb
ažarbaššina,až+arb+a+šše-na,u.B.,RELAT.PL.ABS,noun
ažaštedō,až-ašt-ed-aw,u.B.,RES-FUT-1A.SG,verb
ažaštib,až-ašt-i-b,u.B.,RES-ANTIP-b,noun
ažaštilib,až-ašt-i-le=m,u.B.,RES-MOD.AG-1JUSS=2SG.ABS,verb
ažaštilib,až-ašt-i-le=m,u.B.,RES-MOD.AG-1JUSS=CON,verb
ažaštilib,až-ašt-il-i-b,u.B.,RES-il-ANTIP-b,noun
ažia,až-i-a,"abwischen, reinigen",TR-3A.SG,verb
ažiwlai,aži-o-l-ae,u.B.,MOD.PAT-l-PURP,verb
ažiwlai,ažiuli-ae,u.B.,INS,noun
ažiġi,až+i+ġe,u.B.,.ABS,noun
ažmunigalōn,Ažmo.Nigalō=n,PN,.ABS=3SG.ABS,noun
ažugallēni,ažugali-ne-ne,u.B.,RELAT.SG-ABL/INS,noun
ažugallēni,ažugallē-ne,u.B.,ABL/INS,noun
ažugallēni,ažugallē-ne-e,u.B.,RELAT.SG-DIR/LOC,noun
ažulain,až-o-l-ae-n,"abwischen, reinigen",MOD.PAT-l-PURP-n,verb
ažulain,až-o-l-ae=n,"abwischen, reinigen",MOD.PAT-l-PURP=3SG.ABS,verb
ažurež,až-o-re-i-ž,"abwischen, reinigen",PAT-PTCP-3POSS.SG-ERG,verb
ažurež,až-o-re-ž,"abwischen, reinigen",PAT-PTCP-ERG,verb
ažuri,až-o-re,"abwischen, reinigen",PAT-PTCP.ABS,verb
ažuġiniva,až+oġi-ne-ve-a,Essen,RELAT.SG-GEN-ESS,noun
ažužellandin,až+ož-ill-and-i-n,abwischen,ill-PL.A-MOD.AG-n,verb
ažužellandin,až+ož-ill-and-i=n,abwischen,ill-PL.A-MOD.AG=3SG.ABS,verb
ažāl,aži-a=l,u.B.,ESS=3PL.ABS,noun
ažānēdāw,až-an-ed-aw,u.B.,an-FUT-1A.SG,verb
ažōla,až-ol-a,"abwischen, reinigen",ol-3A.SG,verb
ažōri,až-o-re,"abwischen, reinigen",PAT-PTCP.ABS,verb
ažōġini,až+oġi-ne-e,Essen,RELAT.SG-DIR/LOC,noun
ažōġinēl,až+oġi-ne-ž=l,Essen,RELAT.SG-ERG=3PL.ABS,noun
ažōġiž,až-oġ-i-ež,u.B.,oġ-MOD.AG-OPT,verb
ažōġiž,ažōġi-i-ž,u.B.,3POSS.SG-ERG,noun
ažōġiž,ažōġi-ž,u.B.,ERG,noun
ažōžellandin,až+ož-ill-and-i-n,abwischen,ill-PL.A-MOD.AG-n,verb
ažōžellandin,až+ož-ill-and-i=n,abwischen,ill-PL.A-MOD.AG=3SG.ABS,verb
ažūri,až-o-re,"abwischen, reinigen",PAT-PTCP.ABS,verb
ažūġeni,až+oġi-ne-e,Essen,RELAT.SG-DIR/LOC,noun
ebirna,ever+ni-a,König,ESS,noun
ebirni,ever+ni,König,.ABS,noun
ebrež,evri-ž,Herr,ERG,noun
ebri,evri,Herr,.ABS,noun
ebrida,evri-i-da,Herr,3POSS.SG-DIR,noun
ebāe,ebi-ae,u.B.,INS,noun
ebāni,ebāni,u.B.,.ABS,noun
eda,ed-a,u.B.,INT,verb
eda,edi-a,u.B.,ESS,noun
eda,ide-a,Körper; Bezug,ESS,noun
edežūda,ide-ž-oda,Körper; Bezug,2POSS.PL-DIR,noun
ediaža,ide-i-až-a,Körper; Bezug,3POSS.SG-PL-DAT/ESS,noun
edida,ide-i-da,Körper; Bezug,3POSS.SG-DIR,noun
edukku,ed-o-kko,u.B.,INT-NEG,verb
egai,egi-ae,u.B.,INS,noun
egennin,ege+nni-n,"Inneres, innere",ABL/INS,noun
egennin,egi-ne-e=n,Inneres; Mitte; innere,RELAT.SG-DIR/LOC=3SG.ABS,noun
egennin,egi-ne-n,Inneres; Mitte; innere,RELAT.SG-ABL/INS,noun
egi,eg-i,rein sein; reinigen,ANTIP,verb
egi,eg-i,u.B.,ANTIP,verb
egi,egi,Inneres; Mitte; innere,.ABS,noun
egi,egi,in,,PREP
egi,egi,u.B.,.ABS,noun
egina,egi-na,Inneres; Mitte; innere,RELAT.PL.ABS,noun
egina,egi-na,u.B.,RELAT.PL.ABS,noun
egini,egi-ne,Inneres; Mitte; innere,ABL/INS,noun
egini,egi-ne-e,Inneres; Mitte; innere,RELAT.SG-DIR/LOC,noun
egini,egi-ne-e,u.B.,RELAT.SG-DIR/LOC,noun
eginiž,egi-ne-ž,u.B.,RELAT.SG-ERG,noun
eginniniž,ege+nni-ne-ž,"Inneres, innere",RELAT.SG-ERG,noun
egināžuž,egi-na-až-ož,Inneres; Mitte; innere,RELAT.PL-PL-ERG,noun
egināžuž,egi-na-až-ož,u.B.,RELAT.PL-PL-ERG,noun
egiptu,egib-id-o,u.B.,PL.A-TR.PFV,verb
egudutki,eg+ud+ut+ki,Unreinheit; Verunreinigung,.ABS,noun
egunna,eg+o+nni-a,rein?; süß?,ESS,ADJ
egunna,eg+o+nni-na,rein?; süß?,RELAT.PL.ABS,ADJ
egunni,eg+o+nni,rein?; süß?,.ABS,ADJ
egunni,eg+o+nni-ne,rein?; süß?,ABL/INS,ADJ
egunni,eg+o+nni-ne-e,rein?; süß?,RELAT.SG-DIR/LOC,ADJ
egunninin,eg+o+nni-ne-n,rein?; süß?,RELAT.SG-ABL/INS,ADJ
eguššellandin,eg+o+šš-ill-and-i-n,rein sein / machen,ill-PL.A-MOD.AG-n,verb
eguššellandin,eg+o+šš-ill-and-i=n,rein sein / machen,ill-PL.A-MOD.AG=3SG.ABS,verb
egušši,eg+o+šš-i,rein sein / machen,ANTIP,verb
egušši,eg+o+šše,"Reinheit, rein",.ABS,noun
eguššina,eg+o+šše-na,"Reinheit, rein",RELAT.PL.ABS,noun
eguššinaža,eg+o+šše-na-až-a,"Reinheit, rein",RELAT.PL-PL-DAT/ESS,noun
eguššinažuž,eg+o+šše-na-až-ož,"Reinheit, rein",RELAT.PL-PL-ERG,noun
eguššināžuž,eg+o+šše-na-až-ož,"Reinheit, rein",RELAT.PL-PL-ERG,noun
eguššulāež,eg+o+šš-o-l-ae-ž,rein sein / machen,MOD.PAT-l-PURP-ž,verb
eguššulāi,eg+o+šš-o-l-ae,rein sein / machen,MOD.PAT-l-PURP,verb
eguššulāi,eg+o+šš-ol-i-ae,rein sein / machen,ol-MOD.AG-PURP,verb
eguššulēž,eg+o+šš-o-l-ež,rein sein / machen,MOD.PAT-l-OPT,verb
eguššumaella,eg+o+šš-o+m+ae=lla,rein sein / machen,CVB=3PL.ABS,verb
eguššummi,eg+o+šš-umme,rein sein / machen,INF.ABS,verb
eguššuž,eg+o+šš-o-ež,rein sein / machen,MOD.PAT-OPT,verb
eguššužilandin,eg+o+šš-ož-ill-and-i-n,rein sein / machen,ož-ill-PL.A-MOD.AG-n,verb
eguššužilandin,eg+o+šš-ož-ill-and-i=n,rein sein / machen,ož-ill-PL.A-MOD.AG=3SG.ABS,verb
eguššāe,eg+o+šše-ae,"Reinheit, rein",INS,noun
eguššāi,eg+o+šše-ae,"Reinheit, rein",INS,noun
egužri,egužri,u.B.,.ABS,noun
egāe,egi-ae,u.B.,INS,noun
egāi,egi-ae,u.B.,INS,noun
egēni,egi-ne-e,Inneres; Mitte; innere,RELAT.SG-DIR/LOC,noun
egōna,eg+ō+ni-a,rein,ESS,ADJ
egōna,eg-on-a,rein sein; reinigen,on-3A.SG,verb
egōna,eg-on-a,rein sein; reinigen,on-INT,verb
egōššōla,eg+o+šš-ol-a,rein sein / machen,ol-3A.SG,verb
egōššōla,eg+o+šš-ol-a,rein sein / machen,ol-INT,verb
ela,eli-a,Fest,ESS,noun
elabae,ela-ve-ae,Schwester,GEN-INS,noun
elabae,elabi-ae,u.B.,INS,noun
elaminēve,Elami-ne-ve,GN,RELAT.SG-GEN,noun
elamirġena,elm+ir+ġe-na,Eidgemäßer(?),RELAT.PL.ABS,noun
elinibād,ele-ne-va=d,u.B.,RELAT.SG-DAT=1SG.ABS,noun
eliškaella,eliški-ae=lla,u.B.,INS=3PL.ABS,noun
ellaža,ela-na-až-a,Schwester,RELAT.PL-PL-DAT/ESS,noun
ellaža,eli-na-až-a,Fest,RELAT.PL-PL-DAT/ESS,noun
ellaža,ell+a+že-a,u.B.,ESS,noun
elmi,elmi,Eid; Schwur,.ABS,noun
elminida,elmi-ne-da,Eid; Schwur,RELAT.SG-DIR,noun
elmāi,elmi-ae,Eid; Schwur,INS,noun
elmēġi,elm+ē+ġe,u.B.,.ABS,noun
elōrula,elōruli-a,u.B.,ESS,noun
ema,ai=ma,falls; wenn,=CON,CONJ
emašše,eman+že,zehnter,.ABS,NUM
emaššeni,eman+že-ne,zehnter,ABL/INS,NUM
emaššeni,eman+že-ne-e,zehnter,RELAT.SG-DIR/LOC,NUM
enad,en-a=d,u.B.,INT=1SG.ABS,verb
enad,eni-a=d,Gottheit,ESS=1SG.ABS,noun
enaražāe,en+ar+a+že-ae,u.B.,INS,noun
enarāžae,en+ar+a+že-ae,u.B.,INS,noun
enarġalla,en+ar+ġe-a=lla,u.B.,ESS=3PL.ABS,noun
ene,eni,Gottheit,.ABS,noun
enež,eni-ž,Gottheit,ERG,noun
eni,eni,Gottheit,.ABS,noun
enigaldi,ennigaldi,u.B.,.ABS,noun
enima,eni=ma,Gottheit,.ABS=CON,noun
enitḫarra,en+i+tḫ+ar+i-na,u.B.,RELAT.PL.ABS,noun
ennida,enni-da,u.B.,DIR,noun
ennida,enni-i-da,u.B.,3POSS.SG-DIR,noun
enudōbin,en+ud+ōbi-n,u.B.,ABL/INS,noun
enudōbin,en+ud+ōbi=n,u.B.,.ABS=3SG.ABS,noun
enudōbin,en+ud-o-va-en,u.B.,MOD.PAT-NEG-3JUSS,verb
enudōbin,enudōbi=n,u.B.,.ABS=CON,noun
enummē,enummē,wie,,ADV
enāe,eni-ae,Gottheit,INS,noun
erade,erade,Vogel,.ABS,noun
eradiniž,erade-ne-ž,Vogel,RELAT.SG-ERG,noun
eradāe,erade-ae,Vogel,INS,noun
erižangāe,erižangi-ae,u.B.,INS,noun
erādi,erade,Vogel,.ABS,noun
erāna,er+āna,Abgabe,.ABS,noun
erāna,er+āni-a,Abgabe,ESS,noun
erānalla,er+āna=lla,Abgabe,.ABS=3PL.ABS,noun
erānalla,er+āni-a=lla,Abgabe,ESS=3PL.ABS,noun
erōliva,er-o-l-eva,gedeihen lassen,MOD.PAT-l-POT,verb
evaripfa?an,evari-iffe-a=an,u.B.,1POSS.SG-ESS=CON,noun
evaripfa?an,evari-iffe-a=n,u.B.,1POSS.SG-ESS=3SG.ABS,noun
evaripfa?an,evari-v-va=an,u.B.,2POSS.SG-DAT=CON,noun
evaripfa?an,evari-v-va=n,u.B.,2POSS.SG-DAT=3SG.ABS,noun
evarži,ev+ar+že,u.B.,.ABS,noun
everinžippininim,evr+in+že-v-ve-ne-ne=m,Herrschaft,2POSS.SG-GEN-RELAT.SG-ABL/INS=2SG.ABS,noun
everinžippininim,evr+in+že-v-ve-ne-ne=m,Herrschaft,2POSS.SG-GEN-RELAT.SG-ABL/INS=CON,noun
everne,ever+ni,König,.ABS,noun
eġari,eġari,u.B.,.ABS,noun
eġarribinidal,eġari-ne-ve-ne-da=l,u.B.,RELAT.SG-GEN-RELAT.SG-DIR=3PL.ABS,noun
eġepšullima,eġ+epš-ulli=ma,lähmen?,ulli=CON,verb
eġepšullīma,eġ+epš-ulli=ma,lähmen?,ulli=CON,verb
eġillifaašša,eġl-i-l-eva-ž=nna,retten,MOD.AG-l-POT-ž=3SG.ABS,verb
eġinen,eġi-ne-n,u.B.,RELAT.SG-ABL/INS,noun
eġlianaž,eġli+ana-ž,Retter?,ERG,noun
eġlibi,eġli-ve,Rettung,GEN,noun
eġlibina,eġli-ve-na,Rettung,GEN-RELAT.PL.ABS,noun
eġlibinibina,eġli-ve-ne-ve-na,Rettung,GEN-RELAT.SG-GEN-RELAT.PL.ABS,noun
eġlibinibināža,eġli-ve-ne-ve-na-až-a,Rettung,GEN-RELAT.SG-GEN-RELAT.PL-PL-DAT/ESS,noun
eġlibinida,eġli-ve-ne-da,Rettung,GEN-RELAT.SG-DIR,noun
eġliġi,eġl+i+ġe,u.B.,.ABS,noun
eškarri,ešk+ar+i-ne,u.B.,ABL/INS,noun
eškarri,ešk+ar+i-ne-e,u.B.,RELAT.SG-DIR/LOC,noun
eškāve,eškāve,u.B.,.ABS,noun
eššaeni,eššae-ne,u.B.,ABL/INS,noun
eššaeni,eššae-ne-e,u.B.,RELAT.SG-DIR/LOC,noun
eža,eže-a,Erde,ESS,noun
eže,eže,Erde,.ABS,noun
ežebābušša,Ežeb.Ābu-ž=nna,PN,ERG=3SG.ABS,noun
ežena,eže-na,Erde,RELAT.PL.ABS,noun
ežene,eže-ne,Erde,ABL/INS,noun
ežene,eže-ne-e,Erde,RELAT.SG-DIR/LOC,noun
eženi,eže-ne,Erde,ABL/INS,noun
eženi,eže-ne-e,Erde,RELAT.SG-DIR/LOC,noun
eženibi,eže-ne-ve,Erde,RELAT.SG-GEN,noun
eženiva,eže-ne-va,Erde,RELAT.SG-DAT,noun
eženive,eže-ne-ve,Erde,RELAT.SG-GEN,noun
eženēbi,eže-ne-ve,Erde,RELAT.SG-GEN,noun
eževabun,Ežeb.Ābu=n,PN,.ABS=3SG.ABS,noun
eževabun,Ežeb.Ābu=n,PN,.ABS=CON,noun
ežežal,ežeži-a=l,u.B.,ESS=3PL.ABS,noun
ežuġnež,ižuġ+ni-ž,Silber,ERG,noun
ežuġni,ižuġ+ni,Silber,.ABS,noun
ežābēma,iža-ve=ma,(Land) jenseits,GEN=CON,noun
fadeġib,fad-eġ-i-b,u.B.,eġ-ANTIP-b,verb
fadeġib,fadeġi-v,u.B.,2POSS.SG.ABS,noun
faeli,fael-i,u.B.,ANTIP,verb
faeli,fael-i,u.B.,TR.IMP,verb
faeli,faeli,u.B.,.ABS,noun
faikkimān,fa-i-kki=mān,u.B.,ANTIP-NEG=CON,verb
falukku,fal-o-kko,u.B.,INT-NEG,verb
fandani,fand+a+ni,"recht, rechte Seite",.ABS,noun
fandarinināma,fand+ar+i+nni-na=ma,Koch,RELAT.PL.ABS=CON,noun
fandin,fandi+n,rechts,,ADV
farinināma,uw+ar+i+nni-na=ma,Bäcker,RELAT.PL.ABS=CON,noun
farižanna,pār-iž-a=nna,losgehen; einziehen,iž-INT=3SG.ABS,verb
fasuranni,faz+ur+a+nni,Orator,.ABS,noun
favanašta,paba+ni-na-až-da,Berg,RELAT.PL-PL-DIR,noun
faġraži,faġr+a+že,gut; schön,.ABS,ADJ
faġruwāde,faġr+o+vāde,ungut,.ABS,ADJ
faġruža,faġr+o+že-a,gut; schön,ESS,ADJ
faġruži,faġr+o+že,gut; schön,.ABS,ADJ
faġrāma,faġri-a=ma,gut; Gutes,ESS=CON,noun
faštu,fašt-o,u.B.,MOD.PAT,verb
faštu,fašt-u,u.B.,MED,verb
faššara,fašš+ar+i-a,u.B.,ESS,noun
faššara,fašš-ar-a,schicken,ITER-3A.SG,verb
faššara,fašš-ar-a,schicken,ITER-INT,verb
faššara,fašš-ar-a,u.B.,ITER-3A.SG,verb
faššara,fašš-ar-a,u.B.,ITER-INT,verb
fašši,fašš-i,u.B.,ANTIP,verb
fašši,fašši,u.B.,.ABS,noun
fažab,faž-a-b,eintreten; hineinbringen,INT-b,verb
fažamma,faž-a=mma,eintreten; hineinbringen,INT.IMP=2SG.ABS,verb
fažamma,faž-a=mma,eintreten; hineinbringen,INT=2SG.ABS,verb
fažamma,fāži-a=mma,Mund,ESS=2SG.ABS,noun
fažēda,faž-ed-a,eintreten; hineinbringen,FUT-3A.SG,verb
fažūlima,faž+ūli=ma,u.B.,.ABS=CON,noun
fažūlima,faž-ul-i=ma,eintreten; hineinbringen,ul-ANTIP=CON,verb
fažūlima,faž-ul-i=ma,eintreten; hineinbringen,ul-TR.IMP=CON,verb
fel,fē-lla,2PRON,PL.ABS,PRON
fel,fē-ž=l,2PRON,ERG=3PL.ABS,PRON
felzab,felz-a-b,u.B.,INT-b,verb
fenda,fendi-a,u.B.,ESS,noun
fenda,pend-a,zurückkehren; zurückbringen,INT,verb
fenda,pend-a,zurückkehren; zurückbringen,INT.IMP,verb
feva,fē-va,2PRON,DAT,PRON
firiški,fir+iški,u.B.,.ABS,noun
fitfa,fitf-a,u.B.,INT,verb
fitfa,fitfi-a,u.B.,ESS,noun
fiwta,fē-oda,2PRON,DIR,PRON
fižaišfinel,Fižaišfi-ne=l,u.B.,ABL/INS=3PL.ABS,noun
fodiġi,fod+i+ġe,u.B.,.ABS,noun
foglāla,fogl-al-a,versammeln,al-3A.SG,verb
foglāla,fogl-al-a,versammeln,al-INT,verb
fogugari,fog+ugar+i,Finger?,.ABS,noun
fogāda,fog+ādi-a,u.B.,ESS,noun
fogāda,fog-ad-a,u.B.,ad-3A.SG,verb
fogāda,fog-ad-a,u.B.,ad-INT,verb
fondurunnenna,fondur+o+ni-ne-e=nna,u.B.,RELAT.SG-DIR/LOC=3SG.ABS,noun
fondurunnenna,fondur+o+ni-ne-nna,u.B.,RELAT.SG-EQU2,noun
fondurunnenna,fondur+o+ni-ne=nna,u.B.,ABL/INS=3SG.ABS,noun
fondurunnenna,fondur+o+nni-nna,u.B.,EQU2,noun
fondurunnenna,fondur+o+nni=nna,u.B.,.ABS=3SG.ABS,noun
fonuġunna,fonuġ+o+ni-na,Stärke?,RELAT.PL.ABS,noun
fonuġunna,fonuġ+o+nni-a,Stärke?,ESS,noun
foride,for-ed-i,sehen,FUT-ANTIP,verb
forili,for-i-le,sehen,MOD.AG-1JUSS,verb
forima,for-i=ma,sehen,ANTIP=CON,verb
forima,fōri=ma,Blick,.ABS=CON,noun
forivaenima,for-i-va-en-i=ma,sehen,MOD.AG-NEG-3JUSS-EPNTH=CON,verb
foruššuenim,for-ušš-o-en-i=m,sehen,ušš-MOD.PAT-3JUSS-EPNTH=2SG.ABS,verb
foruššuenim,for-ušš-o-en-i=m,sehen,ušš-MOD.PAT-3JUSS-EPNTH=CON,verb
foruššuenim,foruššue+nni=m,u.B.,.ABS=2SG.ABS,noun
foruššuenim,foruššue+nni=m,u.B.,.ABS=CON,noun
foruššuenim,foruššueni-ne-e=m,u.B.,RELAT.SG-DIR/LOC=2SG.ABS,noun
foruššuenim,foruššueni-ne-e=m,u.B.,RELAT.SG-DIR/LOC=CON,noun
foruššuenim,foruššueni-ne=m,u.B.,ABL/INS=2SG.ABS,noun
foruššuenim,foruššueni-ne=m,u.B.,ABL/INS=CON,noun
foruššuēnnim,for-ušš-o-en-i=m,sehen,ušš-MOD.PAT-3JUSS-EPNTH=2SG.ABS,verb
foruššuēnnim,for-ušš-o-en-i=m,sehen,ušš-MOD.PAT-3JUSS-EPNTH=CON,verb
foruššuēnnim,foruššue+nni=m,u.B.,.ABS=2SG.ABS,noun
foruššuēnnim,foruššue+nni=m,u.B.,.ABS=CON,noun
foruššuēnnim,foruššueni-ne-e=m,u.B.,RELAT.SG-DIR/LOC=2SG.ABS,noun
foruššuēnnim,foruššueni-ne-e=m,u.B.,RELAT.SG-DIR/LOC=CON,noun
foruššuēnnim,foruššueni-ne=m,u.B.,ABL/INS=2SG.ABS,noun
foruššuēnnim,foruššueni-ne=m,u.B.,ABL/INS=CON,noun
foružuenim,for-ušš-o-en-i=m,sehen,ušš-MOD.PAT-3JUSS-EPNTH=2SG.ABS,verb
foružuenim,for-ušš-o-en-i=m,sehen,ušš-MOD.PAT-3JUSS-EPNTH=CON,verb
foružuenim,foruššue+nni=m,u.B.,.ABS=2SG.ABS,noun
foružuenim,foruššue+nni=m,u.B.,.ABS=CON,noun
foružuenim,foruššueni-ne-e=m,u.B.,RELAT.SG-DIR/LOC=2SG.ABS,noun
foružuenim,foruššueni-ne-e=m,u.B.,RELAT.SG-DIR/LOC=CON,noun
foružuenim,foruššueni-ne=m,u.B.,ABL/INS=2SG.ABS,noun
foružuenim,foruššueni-ne=m,u.B.,ABL/INS=CON,noun
forāna,for+āna,Vorzeichen,.ABS,noun
forāna,for+āna-a,Vorzeichen,ESS,noun
forēdi,for-ed-i,sehen,FUT-ANTIP,verb
fouguġūm,fog-oġ-o-m,u.B.,oġ-TR.PFV-3A.SG,verb
fovāi,fovi-ae,u.B.,INS,noun
fudarinalla,fud+ar+i+nni-a=lla,Abwäscher,ESS=3PL.ABS,noun
fudōštu,fud-ošt-o,"waschen, reinigen",RES-MOD.PAT,verb
fudōštu,fud-ošt-u,"waschen, reinigen",RES-MED,verb
fudōža,fud+ō+že-a,u.B.,ESS,noun
fudōža,fud-ož-a,"waschen, reinigen",PST-3A.SG,verb
futkib,fut+ki-v,Sohn,2POSS.SG.ABS,noun
futkina,fut+ki-na,Sohn,RELAT.PL.ABS,noun
futkiž,fut+ki-i-ž,Sohn,3POSS.SG-ERG,noun
futkiž,fut+ki-ž,Sohn,ERG,noun
fāra,fār-a,u.B.,INT,verb
fāra,fāri-a,u.B.,ESS,noun
fārie,fār-i-en,u.B.,MOD.AG-3JUSS,verb
fārie,fāri-e,u.B.,3POSS.SG.ABS,noun
fārie,fāri-i-e,u.B.,3POSS.SG-DIR/LOC,noun
fārie,fārē,u.B.,.ABS,noun
fāzanigarvaž,Fāzanigar-ve-až,PN,GEN-ERG,noun
fāġadi,fāġadi,u.B.,.ABS,noun
fāġie,pāġi,Kopf,.ABS,noun
fāġie,pāġi-e,Kopf,3POSS.SG.ABS,noun
fāġie,pāġi-i-e,Kopf,3POSS.SG-DIR/LOC,noun
fāġra,faġri-a,gut; Gutes,ESS,noun
fāġri,faġr-i,gut sein; gut machen,ANTIP,verb
fāġri,faġri,gut; Gutes,.ABS,noun
fāġruwāda,faġr+o+vāde-a,ungut,ESS,ADJ
fāġōža,faġ-ož-a,zerstören,PST-3A.SG,verb
fāžanna,fāžani-na,Monat,RELAT.PL.ABS,noun
fāžanni,fāžani-ne,Monat,ABL/INS,noun
fāžanni,fāžani-ne-e,Monat,RELAT.SG-DIR/LOC,noun
fāže,fāži,Mund,.ABS,noun
fāžel,faž-i=l,eintreten; hineinbringen,TR.IMP=3PL.ABS,verb
fāži,fāži,Mund,.ABS,noun
fāžu,faž-u,eintreten; hineinbringen,MED,verb
fāžuž,faž-o-ež,eintreten; hineinbringen,MOD.PAT-OPT,verb
fāžuž,fāži-ož,Mund,EQU,noun
fāžīva,fāži-i-va,Mund,3POSS.SG-DAT,noun
fāžīva,fāži-i-va,u.B.,3POSS.SG-DAT,noun
fēlluža,fēll-ož-a,u.B.,PST-3A.SG,verb
fēluž,fēl-o-ež,u.B.,MOD.PAT-OPT,verb
fēnāna,fēn+ā+ni-a,u.B.,ESS,noun
fēnāna,fēn-an-a,u.B.,an-3A.SG,verb
fēnāna,fēn-an-a,u.B.,an-INT,verb
fēža,fē-ž-a,2PRON,PL-DAT/ESS,PRON
fēžuda,fē-ž-oda,2PRON,PL-DIR,PRON
fēḫḫēda,fēḫḫ-ed-a,u.B.,FUT-3A.SG,verb
fēḫḫēda,fēḫḫi-e-da,u.B.,3POSS.SG-DIR,noun
fōdu,fud-o,"waschen, reinigen",MOD.PAT,verb
fōdu,fud-u,"waschen, reinigen",MED,verb
fōri,for-i,sehen,ANTIP,verb
fōri,for-i,sehen,TR.IMP,verb
fōri,fōri,Blick,.ABS,noun
fōrida,fōri-da,Blick,DIR,noun
fōrida,fōri-i-da,Blick,3POSS.SG-DIR,noun
fōriffān,fōri-iffe-a=an,Blick,1POSS.SG-ESS=CON,noun
fōriffān,fōri-iffe-a=n,Blick,1POSS.SG-ESS=3SG.ABS,noun
fōriffān,fōri-v-va=an,Blick,2POSS.SG-DAT=CON,noun
fōriffān,fōri-v-va=n,Blick,2POSS.SG-DAT=3SG.ABS,noun
fōril,for-i=l,sehen,ANTIP=3PL.ABS,verb
fōril,fōri-i=l,Blick,3POSS.SG.ABS=3PL.ABS,noun
fōrullažul,fōroli-na-až-ož=l,Tempel,RELAT.PL-PL-ERG=3PL.ABS,noun
fōrulli,fōroli-ne,Tempel,ABL/INS,noun
fōrulli,fōroli-ne-e,Tempel,RELAT.SG-DIR/LOC,noun
fōrullibina,fōroli-ne-ve-na,Tempel,RELAT.SG-GEN-RELAT.PL.ABS,noun
fōrulžarražan,fōrol+žari-na-až-a=an,u.B.,RELAT.PL-PL-DAT/ESS=CON,noun
fōrunziġi,fōrunz+i+ġe,u.B.,.ABS,noun
fōrālīnie,for+ali-i-ne,u.B.,3POSS.SG-ABL/INS,noun
fōrālīnie,for+ali-i-ne-e,u.B.,3POSS.SG-RELAT.SG-DIR/LOC,noun
fōrālīnie,for+all+ī+nnē,Opferschauer,.ABS,noun
fōrālīnie,fōr+all+i+nni-e,Opferschauer,3POSS.SG.ABS,noun
fōrālīnie,fōr+all+i+nni-i-e,Opferschauer,3POSS.SG-DIR/LOC,noun
fōrālīzie,fōr+all+i+n+ze,u.B.,.ABS,noun
fōrālīzie,fōr+all+i+n+ze-e,u.B.,3POSS.SG.ABS,noun
fōrālīzie,fōr+all+i+n+ze-i-e,u.B.,3POSS.SG-DIR/LOC,noun
fōrīda,fōri-i-da,Blick,3POSS.SG-DIR,noun
fōrīman,for-i=m=an,sehen,ANTIP=2SG.ABS=CON,verb
fōrīman,for-i=man,sehen,ANTIP=CON,verb
fōrīman,fōri-i=man,Blick,3POSS.SG.ABS=CON,noun
fūnuġōnži,fōnuġōn+že,Stärke?,.ABS,noun
fūru,fūr-u,sehen?,MED,verb
ibi,ibi,u.B.,.ABS,noun
ibim,ibi=m,u.B.,.ABS=CON,noun
ibima,ibi-i=ma,u.B.,3POSS.SG.ABS=CON,noun
ibima,ibi=ma,u.B.,.ABS=CON,noun
ibini,ibi-ne,u.B.,ABL/INS,noun
ibini,ibi-ne-e,u.B.,RELAT.SG-DIR/LOC,noun
ibirna,ever+ni-a,König,ESS,noun
ibradnanna,ibr+ad+n+a+ni-na,u.B.,RELAT.PL.ABS,noun
ibradnanna,ibr+ad+n+a+nni-a,u.B.,ESS,noun
ibradnanna,ibr+ad+ni-a=nna,u.B.,ESS=3SG.ABS,noun
ibrež,evri-ž,Herr,ERG,noun
ibri,evri,Herr,.ABS,noun
ibrinnažuž,ever+ni-na-až-ož,König,RELAT.PL-PL-ERG,noun
ibrinza,evren+ze-a,u.B.,ESS,noun
ibāi,ibi-ae,u.B.,INS,noun
idarrāi,id-ar-i-l-ae,schlagen,ITER-MOD.AG-l-PURP,verb
ide,ide,Körper; Bezug,.ABS,noun
ideb,ide-v,Körper; Bezug,2POSS.SG.ABS,noun
ideba,ide-i-va,Körper; Bezug,3POSS.SG-DAT,noun
ideba,ide-va,Körper; Bezug,DAT,noun
idebuž,ide-v-ož,Körper; Bezug,2POSS.SG-EQU,noun
idebuž,ide-v-ož,Körper; Bezug,2POSS.SG-ERG,noun
idebuž,ide-ve-ož,Körper; Bezug,GEN-EQU,noun
ideda,ide-da,Körper; Bezug,DIR,noun
ideda,ide-i-da,Körper; Bezug,3POSS.SG-DIR,noun
idedi,id-ed-i,u.B.,FUT-ANTIP,verb
idennanež,idenna-ne-ž,Baumeister,RELAT.SG-ERG,noun
idennaniž,idenna-ne-ž,Baumeister,RELAT.SG-ERG,noun
idenni,idenni,Baumeister,.ABS,noun
ideppa,ide-v-va,Körper; Bezug,2POSS.SG-DAT,noun
ideppūda,ide-iffu-da,Körper; Bezug,1POSS.SG-DIR,noun
idi,id-i,schlagen,ANTIP,verb
idi,id-i,u.B.,ANTIP,verb
idi,ide,Körper; Bezug,.ABS,noun
idia,id-i-a,schlagen,TR-3A.SG,verb
idia,ide-i-a,Körper; Bezug,3POSS.SG-ESS,noun
idiaž,ide-i-až,Körper; Bezug,3POSS-PL.ABS,noun
idiaža,ide-i-až-a,Körper; Bezug,3POSS-PL-DAT/ESS,noun
idib,ide-v,Körper; Bezug,2POSS.SG.ABS,noun
idiba,ide-i-va,Körper; Bezug,3POSS.SG-DAT,noun
idiba,ide-va,Körper; Bezug,DAT,noun
idibi,ide-i-ve,Körper; Bezug,3POSS.SG-GEN,noun
idibi,ide-ve,Körper; Bezug,GEN,noun
idibuda,ide-v-oda,Körper; Bezug,2POSS.SG-DIR,noun
idibōda,ide-v-oda,Körper; Bezug,2POSS.SG-DIR,noun
idida,ide-da,Körper; Bezug,DIR,noun
idida,ide-i-da,Körper; Bezug,3POSS.SG-DIR,noun
idilānni,id-i-l-anni,schlagen,MOD.AG-l-DESID,verb
idna,id+ni-a,Körper,ESS,noun
idni,id+ni,Körper,.ABS,noun
idnib,id+ni-v,Körper,2POSS.SG.ABS,noun
idnida,id+ni-da,Körper,DIR,noun
idnida,id+ni-i-da,Körper,3POSS.SG-DIR,noun
idīb,ide-v,Körper; Bezug,2POSS.SG.ABS,noun
idīda,ide-i-da,Körper; Bezug,3POSS.SG-DIR,noun
idīe,id-i-en,schlagen,MOD.AG-3JUSS,verb
igi,egi,Inneres; Mitte; innere,.ABS,noun
igi,egi,in,,PREP
igi,egi,mitten,,POST
igi,ig-i,u.B.,ANTIP,verb
igi,igi,u.B.,.ABS,noun
igiažama,egi-i-až-a=ma,Inneres; Mitte; innere,3POSS-PL-DAT/ESS=CON,noun
igiažāma,egi-i-až-a=ma,Inneres; Mitte; innere,3POSS-PL-DAT/ESS=CON,noun
igida,egi-da,Inneres; Mitte; innere,DIR,noun
igida,egi-i-da,Inneres; Mitte; innere,3POSS.SG-DIR,noun
igina,igi-na,u.B.,RELAT.PL.ABS,noun
igingališḫenāma,Igingališ-ġe-na=ma,GN,ADJ-RELAT.PL.ABS=CON,noun
igingališḫināma,Igingališ-ġe-na=ma,GN,ADJ-RELAT.PL.ABS=CON,noun
igingališḫīnamma,Igingališ-ġe-na=mma,GN,ADJ-RELAT.PL.ABS=CON,noun
igingalīšša,Igingališ-va,GN,DAT,noun
igināžuž,egi-na-až-ož,Inneres; Mitte; innere,RELAT.PL-PL-ERG,noun
igināžuž,igi-na-až-ož,u.B.,RELAT.PL-PL-ERG,noun
igudutki,eg+ud+ut+ki,Unreinheit; Verunreinigung,.ABS,noun
igēnema,egi-ne-e=ma,Inneres; Mitte; innere,RELAT.SG-DIR/LOC=CON,noun
igēni,egi-ne-e,Inneres; Mitte; innere,RELAT.SG-DIR/LOC,noun
ikkammašši,ikk+amm+a+šše,u.B.,.ABS,noun
ila,il-a,u.B.,INT,verb
ila,ili-a,u.B.,ESS,noun
ilamdōġi,Ilamd+ō+ġe,GN,.ABS,noun
ileška,il-ešk-a,u.B.,ešk-3A.SG,verb
ileška,il-ešk-a,u.B.,ešk-INT,verb
ileška,ileški-a,u.B.,ESS,noun
illaiaġe,Illaia-ġe,GN,ADJ.ABS,noun
ilāvān,Ilāvā-a=an,GN,ESS=CON,noun
ilāvān,Ilāvā-a=n,GN,ESS=3SG.ABS,noun
ilāvān,Ilāvā=an,GN,.ABS=CON,noun
ilāvān,Ilāvā=n,GN,.ABS=3SG.ABS,noun
ilōllanna,ilōllani-na,u.B.,RELAT.PL.ABS,noun
immandena,immande-na,u.B.,RELAT.PL.ABS,noun
immarda,immarde-a,Schafopfer,ESS,noun
immarrida,immari-ne-da,u.B.,RELAT.SG-DIR,noun
immarvaġināže,Immarvaġe-na-až-ve,DN,RELAT.PL-PL-GEN,noun
immaškun,Immašku=n,PN,.ABS=3SG.ABS,noun
indannim,ind+a+ni-ne-e=m,u.B.,RELAT.SG-DIR/LOC=2SG.ABS,noun
indannim,ind+a+ni-ne-e=m,u.B.,RELAT.SG-DIR/LOC=CON,noun
indannim,ind+a+ni-ne=m,u.B.,ABL/INS=2SG.ABS,noun
indannim,ind+a+ni-ne=m,u.B.,ABL/INS=CON,noun
indannim,ind+a+nni=m,u.B.,.ABS=CON,noun
indannim,ind-i-anni=m,u.B,MOD.AG-DESID=2SG.ABS,verb
indannim,ind-i-anni=m,u.B,MOD.AG-DESID=CON,verb
inibāi,ini-ve-ae,u.B.,GEN-INS,noun
iningaldāe,ennigaldi-ae,u.B.,INS,noun
initḫarra,in+i+tḫ+ar+i-na,u.B.,RELAT.PL.ABS,noun
inu,inu,wie,,CONJ
inuma,inu=ma,wie,=CON,CONJ
inumma,inu=mma,wie,=2SG.ABS,CONJ
inumē,inu=mē,wie,=3SG.ABS,CONJ
inutta,inu=tta,wie,=1SG.ABS,CONJ
inzarra,en+zari-na,Götterschaft,RELAT.PL.ABS,noun
inġad,inġ-a=d,u.B.,INT=1SG.ABS,verb
inġad,inġi-a=d,u.B.,ESS=1SG.ABS,noun
inġara,inġ+ar+i-a,u.B.,ESS,noun
inūru,in-ur-o,u.B.,ur-MOD.PAT,verb
inūru,in-ur-u,u.B.,ur-MED,verb
iraden,erade-n,Vogel,ABL/INS,noun
iraden,erade=n,Vogel,.ABS=3SG.ABS,noun
iraden,erade=n,Vogel,.ABS=CON,noun
iraden,ir-ad-i-en,u.B.,ad-MOD.AG-3JUSS,verb
iraduž,erade-ož,Vogel,EQU,noun
irbīnāža,ervi-na-až-a,Hund,RELAT.PL-PL-DAT/ESS,noun
irde,irde,Zunge,.ABS,noun
irdeda,irde-da,Zunge,DIR,noun
irdeda,irde-i-da,Zunge,3POSS.SG-DIR,noun
irdi,ird-i,u.B.,ANTIP,verb
irdi,irde,Zunge,.ABS,noun
irdi,irde-i,Zunge,3POSS.SG.ABS,noun
irdib,irde-v,Zunge,2POSS.SG.ABS,noun
irdida,irde-da,Zunge,DIR,noun
irdida,irde-i-da,Zunge,3POSS.SG-DIR,noun
irdīž,irde-i-ž,Zunge,3POSS.SG-ERG,noun
irdōvānninibi,irdōv+ā+nni-ne-ve,u.B.,RELAT.SG-GEN,noun
irialzi,irial+zi,u.B.,.ABS,noun
irna,irn-a,gleich sein,INT,verb
irveniž,ervi-ne-ž,Hund,RELAT.SG-ERG,noun
irġāri,irġāri,u.B.,.ABS,noun
issēdi,iss-ed-i,u.B.,FUT-ANTIP,verb
itka,itk-a,reinigen,INT,verb
itkaišša,itk-i-ae-ž=nna,reinigen,MOD.AG-PURP-ž=3SG.ABS,verb
itkalza,itkal+zi-a,"Reinheit, Reinigung",ESS,noun
itkalzai,itkal+zi-ae,"Reinheit, Reinigung",INS,noun
itkalzi,itkal+zi,"Reinheit, Reinigung",.ABS,noun
itkalzia,itkal+zi-a,"Reinheit, Reinigung",ESS,noun
itkalzibinažadel,itkal+zi-ve-na-až-a=dil,"Reinheit, Reinigung",GEN-RELAT.PL-PL-DAT/ESS=1PL.ABS,noun
itkalzibināža,itkal+zi-ve-na-až-a,"Reinheit, Reinigung",GEN-RELAT.PL-PL-DAT/ESS,noun
itkalzibāi,itkal+zi-ve-ae,"Reinheit, Reinigung",GEN-INS,noun
itkalzinibi,itkal+zi-ne-ve,"Reinheit, Reinigung",RELAT.SG-GEN,noun
itkalzinibina,itkal+zi-ne-ve-na,"Reinheit, Reinigung",RELAT.SG-GEN-RELAT.PL.ABS,noun
itkalzinibinažuž,itkal+zi-ne-ve-na-až-ož,"Reinheit, Reinigung",RELAT.SG-GEN-RELAT.PL-PL-ERG,noun
itkalzinibinež,itkal+zi-ne-ve-ne-ž,"Reinheit, Reinigung",RELAT.SG-GEN-RELAT.SG-ERG,noun
itkalzinibināžuž,itkal+zi-ne-ve-na-až-ož,"Reinheit, Reinigung",RELAT.SG-GEN-RELAT.PL-PL-ERG,noun
itkalzinivināžummin,itkal+zi-ne-ve-na-až-ož=mma=an,"Reinheit, Reinigung",RELAT.SG-GEN-RELAT.PL-PL-ERG=2SG.ABS=CON,noun
itkalzāe,itkal+zi-ae,"Reinheit, Reinigung",INS,noun
itkalzāi,itkal+zi-ae,"Reinheit, Reinigung",INS,noun
itkannim,itk-i-anni=m,reinigen,MOD.AG-DESID=2SG.ABS,verb
itkanzalla,itkan+zi-a=lla,u.B.,ESS=3PL.ABS,noun
itkanzalla,itkan+zi=lla,u.B.,.ABS=3PL.ABS,noun
itkašta,itk-ašt-a,reinigen,RES-INT,verb
itkaštab,itk-ašt-a-b,reinigen,RES-INT-b,verb
itkaštib,itk-ašt-i-b,reinigen,RES-ANTIP-b,verb
itkian,itk-i-a=an,reinigen,TR-3A.SG=CON,verb
itkian,itk-i-a=n,reinigen,TR-3A.SG=3SG.ABS,verb
itkian,itk-i-en,reinigen,MOD.AG-3JUSS,verb
itkiaž,itk-i-a-ž,reinigen,TR-3A-PL,verb
itkidannim,itk-id-anni=m,reinigen,PL.A-DESID=2SG.ABS,verb
itkidu,itk-id-o,reinigen,PL.A-TR.PFV,verb
itkinduž,itk-ind-o-ež,reinigen,PL.A-MOD.AG-OPT,verb
itkudutki,itk+ud+ut+ki,Unreinheit,.ABS,noun
itkula,itk-ol-a,reinigen,ol-3A.SG,verb
itkula,itk-ol-a,reinigen,ol-INT,verb
itkulda,itk-ol-d-a,reinigen,ol-PL.A-3A,verb
itkulimašši,itk+ul+i+m+a+šše,u.B.,.ABS,noun
itkulimāšši,itk+ul+i+m+a+šše,u.B.,.ABS,noun
itkulumašši,itk+ul+i+m+a+šše,u.B.,.ABS,noun
itkulundašši,itk-ol-u-nd-a-šše,reinigen,ol-MED-PL.A-3A-NMLZ.ABS,verb
itkulāež,itk-o-l-ae-ž,reinigen,MOD.PAT-l-PURP-ž,verb
itkulāuž,itk-ol-aw-ž,reinigen,ol-1A-PL,verb
itkulēž,itk-o-l-ež,reinigen,MOD.PAT-l-OPT,verb
itkummi,itk-umme,reinigen,INF.ABS,verb
itkundaššinama,itk-u-nd-a-šše-na=ma,reinigen,MED-PL.A-3A-NMLZ-RELAT.PL.ABS=CON,verb
itkundaššinamma,itk-u-nd-a-šše-na=mma,reinigen,MED-PL.A-3A-NMLZ-RELAT.PL.ABS=CON,verb
itkundōri,itk+und+o+re,gereinigt,.ABS,ADJ
itkurinella,itk-o-re-ne-e=lla,reinigen,PAT-PTCP-RELAT.SG-DIR/LOC=3PL.ABS,verb
itkurinella,itk-o-re-ne-ž=lla,reinigen,PAT-PTCP-RELAT.SG-ERG=3PL.ABS,verb
itkurinella,itk-o-re-ne=lla,reinigen,PAT-PTCP-ABL/INS=3PL.ABS,verb
itkuštum,itk-ušt-o-m,reinigen,RES-TR.PFV-3A.SG,verb
itkuštum,itk-ušt-o=m,reinigen,RES-MOD.PAT=CON,verb
itkuž,itk-o-ež,reinigen,MOD.PAT-OPT,verb
itkužalla,itk-o-ež-a=lla,reinigen,MOD.PAT-OPT-EPNTH=3PL.ABS,verb
itkužellandin,itk-ož-ill-and-i-n,reinigen,ož-ill-PL.A-MOD.AG-n,verb
itkužellandin,itk-ož-ill-and-i=n,reinigen,ož-ill-PL.A-MOD.AG=3SG.ABS,verb
itkāl,itk-a=l,reinigen,INT=3PL.ABS,verb
itkōla,itk-ol-a,reinigen,ol-3A.SG,verb
itkōla,itk-ol-a,reinigen,ol-INT,verb
itkōli,itk-ol-i,reinigen,ol-ANTIP,verb
itkōlāi,itk-o-l-ae,reinigen,MOD.PAT-l-PURP,verb
itkōlāi,itk-ol-i-ae,reinigen,ol-MOD.AG-PURP,verb
itkōž,itk-o-ež,reinigen,MOD.PAT-OPT,verb
itkōža,itk-ož-a,reinigen,PST-3A.SG,verb
itta,itt-a,gehen,INT,verb
ittili,itt-i-le,gehen,MOD.AG-1JUSS,verb
ittili,itt-i-le,kleiden,MOD.AG-1JUSS,verb
ittilāe,itt-i-l-ae,gehen,MOD.AG-l-PURP,verb
ittilāe,itt-i-l-ae,kleiden,MOD.AG-l-PURP,verb
ittūbin,itt-o-va-en,gehen,MOD.PAT-NEG-3JUSS,verb
ittūbin,itt-o-va-en,kleiden,MOD.PAT-NEG-3JUSS,verb
ittūbin,ittūbi-n,u.B.,ABL/INS,noun
ittūbin,ittūbi=n,u.B.,.ABS=3SG.ABS,noun
ittūbin,ittūbi=n,u.B.,.ABS=CON,noun
itḫiniž,itḫi-ne-ž,u.B.,RELAT.SG-ERG,noun
ivi,iv-i,u.B.,ANTIP,verb
ivi,iv-i,u.B.,TR.IMP,verb
ivi,ivi,u.B.,.ABS,noun
ivā,iv-a,u.B.,INT,verb
ivā,ivi-a,u.B.,ESS,noun
izuziva,izuzi-i-va,Emmer,3POSS.SG-DAT,noun
izuziva,izuzi-va,Emmer,DAT,noun
izōzi,izuzi,Emmer,.ABS,noun
izūza,izuzi-a,Emmer,ESS,noun
izūzi,izuzi,Emmer,.ABS,noun
iġarā,iġari-a,u.B.,ESS,noun
iġārrin,iġari-ne-n,u.B.,RELAT.SG-ABL/INS,noun
iġōffōr,iġ-o-vor,u.B.,INT-NEG,verb
iška,išk-a,u.B.,INT,verb
iška,iški-a,u.B.,ESS,noun
iškidu,išk-id-o,u.B.,PL.A-TR.PFV,verb
iškiniaž,iški+ni-i-až,u.B.,3POSS-PL.ABS,noun
iškinna,išk-i=nna,u.B.,ANTIP=3SG.ABS,verb
iškinna,iški+ni-na,u.B.,RELAT.PL.ABS,noun
iškinna,iški-i-nna,u.B.,3POSS.SG-EQU2,noun
iškinna,iški-nna,u.B.,EQU2,noun
iškinna,iški=nna,u.B.,.ABS=3SG.ABS,noun
ištani,ištani,Inneres,.ABS,noun
ištani,ištani,in,,PREP
ištanida,ištani-i-da,Inneres,3POSS.SG-DIR,noun
ištanin,ištani-n,Inneres,ABL/INS,noun
ištanin,ištani=n,Inneres,.ABS=3SG.ABS,noun
ištanin,ištani=n,Inneres,.ABS=CON,noun
ištaniž,ištani,in,,PREP
ištanīda,ištani-i-da,Inneres,3POSS.SG-DIR,noun
ištanīma,ištani-i=ma,Inneres,3POSS.SG.ABS=CON,noun
ištanīma,ištani=ma,Inneres,.ABS=CON,noun
ište,ište,1PRON.SG,.ABS,PRON
išten,ište=n,1PRON.SG,.ABS=CON,PRON
išteni,išteni,in,,PREP
išteniffāmma,išteni-iffe-a=mma,u.B.,1POSS.SG-ESS=2SG.ABS,noun
išteniffāmma,išteni-iffe=mma,u.B.,1POSS.SG.ABS=2SG.ABS,noun
išteniffāmma,išteni-v-va=mma,u.B.,2POSS.SG-DAT=2SG.ABS,noun
išteniffāmma,išteni-v-ve=mma,u.B.,2POSS.SG-GEN=2SG.ABS,noun
išteniž,išteni,in,,PREP
ištennanan,ište=nna=nan,1PRON.SG,=3SG.ABS=CON,PRON
ištennanan,išteni-na=nan,u.B.,RELAT.PL.ABS=CON,noun
ištennanan,ištenni-a=n=an,u.B.,ESS=3SG.ABS=CON,noun
išti,išt-i,u.B.,ANTIP,verb
išti,išt-i,u.B.,TR.IMP,verb
išti,ište,1PRON.SG,.ABS,PRON
ištuma,išt-o-m=ma,u.B.,TR.PFV-3A.SG=CON,verb
ištuma,išt-o=ma,u.B.,MOD.PAT=CON,verb
ištuma,išt-u=ma,u.B.,MED=CON,verb
ištuma,išt-umme-a,u.B.,INF-ESS,verb
ištuma,ištumi-a,u.B.,ESS,noun
ištāni,ištani,Inneres,.ABS,noun
ištāni,ištani,in,,POST
ištāni,ištani,in,,PREP
ištānīffāl,ištani-iffe-a=l,Inneres,1POSS.SG-ESS=3PL.ABS,noun
išḫara,Išḫara,DN,.ABS,noun
išḫaran,Išḫara=an,DN,.ABS=CON,noun
išḫaran,Išḫara=n,DN,.ABS=3SG.ABS,noun
išḫuniba,išḫoni-va,Silber,DAT,noun
išḫāran,Išḫara=an,DN,.ABS=CON,noun
išḫāran,Išḫara=n,DN,.ABS=3SG.ABS,noun
išḫōniba,išḫoni-va,Silber,DAT,noun
iža,iž-a,u.B.,INT,verb
iža,iža,(Land) jenseits,.ABS,noun
iža,iža-a,(Land) jenseits,ESS,noun
iža,iži-a,u.B.,ESS,noun
ižammi,iža+mme,u.B.,.ABS,noun
ižammēni,iža+mme-ne,u.B.,ABL/INS,noun
ižammēni,iža+mme-ne-e,u.B.,RELAT.SG-DIR/LOC,noun
ižarriva,iž+ar+i-ne-va,u.B.,RELAT.SG-DAT,noun
ižaž,iž-až,1PRON.SG,ERG,PRON
ižena,iže-na,Regen,RELAT.PL.ABS,noun
iži,iž-i,jammern; klagen,ANTIP,verb
iži,iž-i,u.B.,ANTIP,verb
iži,iži,u.B.,.ABS,noun
ižibāi,iži-ve-ae,Regen?,GEN-INS,noun
ižibāin,iži-ve-ae=n,Regen?,GEN-INS=3SG.ABS,noun
ižikkunna,iž+ikk+o+nni-a,Jammernder; Klagender,ESS,noun
ižinež,iži-ne-ž,Regen?,RELAT.SG-ERG,noun
ižinež,iži-ne-ž,u.B.,RELAT.SG-ERG,noun
ižinibāin,iži-ne-ve-ae=n,Regen?,RELAT.SG-GEN-INS=3SG.ABS,noun
ižuġna,ižuġ+ni-a,Silber,ESS,noun
ižuġnai,ižuġ+ni-ae,Silber,INS,noun
ižuġni,ižuġ+ni,Silber,.ABS,noun
ižuštel,iž-o-eš=dil,u.B.,MOD.PAT-OPT=1PL.ABS,verb
ižuštel,iž-ušt-i=l,u.B.,RES-ANTIP=3PL.ABS,verb
ižuštel,iž-ušt-i=l,u.B.,RES-TR.IMP=3PL.ABS,verb
ižāvena,iža-ve-na,(Land) jenseits,GEN-RELAT.PL.ABS,noun
ižāvena,iža-ve-ne-a,(Land) jenseits,GEN-RELAT.SG-ESS,noun
ižīma,iž-i=ma,jammern; klagen,ANTIP=CON,verb
ižīma,iž-i=ma,u.B.,ANTIP=CON,verb
ižīma,iži-i=ma,u.B.,3POSS.SG.ABS=CON,noun
ižīma,iži=ma,u.B.,.ABS=CON,noun
ižīmāin,iž-i+m+ae-n,jammern; klagen,CVB-n,verb
ižīmāin,iž-i+m+ae=n,jammern; klagen,CVB=3SG.ABS,verb
kaballiž,kabli-ne-ž,Kupfer,RELAT.SG-ERG,noun
kablāi,kabl-i-ae,u.B.,MOD.AG-PURP,verb
kablāi,kabli-ae,u.B.,INS,noun
kadenduž,kad-ind-o-ež,sagen; sprechen,PL.A-MOD.PAT-OPT,verb
kadi,kad-i,sagen; sprechen,ANTIP,verb
kadi,kadi,u.B.,.ABS,noun
kadia,kad-i-a,sagen; sprechen,TR-3A.SG,verb
kadib,kad-i-b,sagen; sprechen,ANTIP-b,verb
kadib,kad-i=v,sagen; sprechen,ANTIP=2PL.ABS,verb
kadib,kad-i=v,sagen; sprechen,TR.IMP=2PL.ABS,verb
kadib,kadi-v,u.B.,2POSS.SG.ABS,noun
kadilli,kad-il-i-le,sagen; sprechen,il-MOD.AG-1JUSS,verb
kadilēž,kad-i-l-ež,sagen; sprechen,MOD.AG-l-OPT,verb
kadiōššina,kad-i-o-šše-na,sagen; sprechen,TR-2A.SG-NMLZ-RELAT.PL.ABS,verb
kadulen,kad-ol-i-en,sagen; sprechen,ol-MOD.AG-3JUSS,verb
kadulli,kad-ol-i-le,sagen; sprechen,ol-MOD.AG-1JUSS,verb
kadānu,kad-an-o,u.B.,an-MOD.PAT,verb
kadānu,kad-an-u,u.B.,an-MED,verb
kadīw,kad-i-o,sagen; sprechen,TR-2A.SG,verb
kaganidama,kaġ+a+ni-da=ma,u.B.,DIR=CON,noun
kaganidama,kaġ+a+ni-i-da=ma,u.B.,3POSS.SG-DIR=CON,noun
kaiġida,ka+i+ġe-da,u.B.,DIR,noun
kaiġida,ka+i+ġe-i-da,u.B.,3POSS.SG-DIR,noun
kakkara,kakkari-a,ein Brot,ESS,noun
kakkari,kakkari,ein Brot,.ABS,noun
kakkariani,kakkari-i-ane,ein Brot,3POSS.SG-ABL/INS,noun
kalbuġēda,kalb-oġ-ed-a,u.B.,oġ-FUT-3A.SG,verb
kalgamižul,Kalgamiž-ož=l,DN; PN,ERG=3PL.ABS,noun
kaliani,kāli-i-ane,u.B.,3POSS.SG-ABL/INS,noun
kalōvadi,kal-o-vade,u.B.,PAT-ADJ.NEG.ABS,noun
kalūwa,kal-u-a,u.B.,MED-3A.SG,noun
kamallenna,kamali-ne-nna,u.B.,RELAT.SG-EQU2,noun
kammanġiani,kamm+an+ġe-i-ane,u.B.,3POSS.SG-ABL/INS,noun
kammaḫḫinež,kamm+a+ḫḫe-ne-ž,u.B.,RELAT.SG-ERG,noun
kammiššōri,kammiššōri,Birne?,.ABS,noun
kamveda,kamv-i-d-a,u.B.,TR-PL.A-3A,verb
kamveda,kamve-da,u.B.,DIR,noun
kamēnež,kamme-ne-ž,ein Tier,RELAT.SG-ERG,noun
kanagitḫi,kanagitḫe,u.B.,.ABS,noun
kangalbālla,kangalvi-a=lla,u.B.,ESS=3PL.ABS,noun
kangalvalla,kangalvi-a=lla,u.B.,ESS=3PL.ABS,noun
kanzukkam,kanz-o-kko=m,u.B.,INT-NEG=2SG.ABS,verb
kanzukkam,kanz-o-kko=m,u.B.,INT-NEG=CON,verb
kanāgiž,kan+āg-i-ež,u.B.,MOD.AG-OPT,verb
kanāgiža,kan+āg-iž-a,u.B.,iž-3A.SG,verb
kanāgiža,kan+āg-iž-a,u.B.,iž-INT,verb
kappilivaž,kapp-i-l-eva-ž,aufschütten,MOD.AG-l-POT-ž,verb
kapša,kapš-a,u.B.,INT,verb
kapša,kapši-a,u.B.,ESS,noun
kapšalla,Kapšalla,GN,.ABS,noun
kapšinina,kapši-ne-nna,u.B.,RELAT.SG-EQU2,noun
kapšuġāl,kapš+o+ġe-a=l,u.B.,ESS=3PL.ABS,noun
kapšuġāl,kapš-oġ-a=l,u.B.,oġ-3A.SG=3PL.ABS,verb
kapšuġāl,kapš-oġ-a=l,u.B.,oġ-INT=3PL.ABS,verb
kapšuġāma,kapš+o+ġe-a=ma,u.B.,ESS=CON,noun
kapšuġāma,kapš-oġ-a=ma,u.B.,oġ-3A.SG=CON,verb
kapšuġāma,kapš-oġ-a=ma,u.B.,oġ-INT=CON,verb
karapteda,kar+apt-ed-a,u.B.,FUT-3A.SG,verb
karapteda,karapte-da,u.B.,DIR,noun
kargāni,karg+ā+ni,u.B.,.ABS,noun
kargāni,karg-an-i,u.B.,an-ANTIP,noun
karinež,kare-ne-ž,Vogelfänger,RELAT.SG-ERG,noun
karižīda,kariži-i-da,u.B.,3POSS.SG-DIR,noun
karēnažuž,kare-na-až-ož,Vogelfänger,RELAT.PL-PL-ERG,noun
karži,karži,Lippen,.ABS,noun
karži,karži-i,Lippen,3POSS.SG.ABS,noun
karžib,karži-v,Lippen,2POSS.SG.ABS,noun
karžida,karži-da,Lippen,DIR,noun
karžida,karži-i-da,Lippen,3POSS.SG-DIR,noun
katki,kat+ki,Spruch,.ABS,noun
katkinažuž,kat+ki-na-až-ož,Spruch,RELAT.PL-PL-ERG,noun
katkini,kat+ki-ne,Spruch,ABL/INS,noun
katkināžuž,kat+ki-na-až-ož,Spruch,RELAT.PL-PL-ERG,noun
katkāi,kat+ki-ae,Spruch,INS,noun
katta,kad-id-en,sagen; sprechen,PL.A-3JUSS,verb
kaškan,Kaška=an,GN,.ABS=CON,noun
kaškan,Kaška=n,GN,.ABS=3SG.ABS,noun
kašti,kaš-d-i,u.B.,d-ANTIP,verb
kašti,kašt-i,u.B.,ANTIP,verb
kašti,kašti,Bogen,.ABS,noun
kažalla,kažli-na,"stark, Stärke",RELAT.PL.ABS,noun
kažalla,kāž-a=lla,u.B.,INT=3PL.ABS,verb
kažalla,kāži-a=lla,u.B.,ESS=3PL.ABS,noun
kažiari,Kažiari,GN,.ABS,noun
kažiarrinel,Kažiari-ne-ne=l,GN,RELAT.SG-ABL/INS=3PL.ABS,noun
kažidabima,kažidabi=ma,u.B.,.ABS=CON,noun
kažinibād,kāze-ne-va=d,Becher,RELAT.SG-DAT=1SG.ABS,noun
kažla,kažl-a,stark sein,INT,verb
kažla,kažli-a,"stark, Stärke",ESS,noun
kažlulaiž,kažl-o-l-ae-ž,stark sein,MOD.PAT-l-PURP-ž,verb
kažlulam,kažl-ol-a=m,stark sein,ol-INT=2SG.ABS,verb
kažlulam,kažl-ol-a=m,stark sein,ol-INT=CON,verb
kažlulaēž,kažl-o-l-ae-ž,stark sein,MOD.PAT-l-PURP-ž,verb
kažlulāež,kažl-o-l-ae-ž,stark sein,MOD.PAT-l-PURP-ž,verb
kažlulēž,kažl-o-l-ež,stark sein,MOD.PAT-l-OPT,verb
kažluwa,kažl-u-a,stark sein,MED-3A.SG,verb
kažluž,kažl-o-ež,stark sein,MOD.PAT-OPT,verb
kažlužellandin,kažl-ož-ill-and-i-n,stark sein,ož-ill-PL.A-MOD.AG-n,verb
kažlužellandin,kažl-ož-ill-and-i=n,stark sein,ož-ill-PL.A-MOD.AG=3SG.ABS,verb
kažlōža,kažl-ož-a,stark sein,PST-3A.SG,verb
keldaardib,arde-v,Stadt,2POSS.SG.ABS,noun
keldaardib,kel+di-a,Wohl,ESS,noun
keldaardib,keld+ardi-v,u.B.,2POSS.SG.ABS,noun
kelde,kel+di,Wohl,.ABS,noun
kelde,kēl-d-i,wohl sein; wohl machen,d-ANTIP,verb
kelde,kēl-d-i,wohl sein; wohl machen,d-TR.IMP,verb
keldiani,kel+di-i-ane,Wohl,3POSS.SG-ABL/INS,noun
keldinibāe,kel+di-ne-ve-ae,Wohl,RELAT.SG-GEN-INS,noun
keldāi,kel+di-ae,Wohl,INS,noun
kenna,keni-na,u.B.,RELAT.PL.ABS,noun
kenna,kenni-a,u.B.,ESS,noun
kešše,Kešše,PN,.ABS,noun
keššenidal,Kešše-ne-da=l,PN,RELAT.SG-DIR=3PL.ABS,noun
keššeniva,Kešše-ne-va,PN,RELAT.SG-DAT,noun
keššenišša,Kešše-ne-ž=nna,PN,RELAT.SG-ERG=3SG.ABS,noun
keššenīel,Kešše-ne-ž=l,PN,RELAT.SG-ERG=3PL.ABS,noun
keššippan,Kešše=ffa=an,PN,.ABS=2PL.ABS=CON,noun
kešḫenāži,kešḫi-na-až-ve,Thron,RELAT.PL-PL-GEN,noun
kešḫi,kešḫi,Thron,.ABS,noun
kešḫidan,kešḫi-dan,Thron,ABL,noun
kešḫidan,kešḫi-i-dan,Thron,3POSS.SG-ABL,noun
kešḫini,kešḫi-ne-e,Thron,RELAT.SG-DIR/LOC,noun
kešḫīda,kešḫi-i-da,Thron,3POSS.SG-DIR,noun
kiaženidan,kiaže-ne-da=an,Meer,RELAT.SG-DIR=CON,noun
kiaženidan,kiaže-ne-da=n,Meer,RELAT.SG-DIR=3SG.ABS,noun
kiaži,kiaže,Meer,.ABS,noun
kibašši,kev-a-šše,setzen; stellen; legen,INT-NMLZ.ABS,verb
kibašši,kib+a+šše,u.B.,.ABS,noun
kibe,kev-e,setzen; stellen; legen,STAT,verb
kibe,kippe,u.B.,.ABS,noun
kibi,kibi,u.B.,.ABS,noun
kibibād,kev-i-b-a=d,setzen; stellen; legen,ANTIP-b-EPNTH=1SG.ABS,verb
kibibād,kev-i-eva=d,setzen; stellen; legen,MOD.AG-POT=1SG.ABS,verb
kibli,keb+li,Jäger,.ABS,noun
kibridadel,kibridi-a=dil,Sulfur?,ESS=1PL.ABS,noun
kibridadel,kibridi=dil,Sulfur?,.ABS=1PL.ABS,noun
kibulaēšša,kev-o-l-ae-ž=nna,setzen; stellen; legen,MOD.PAT-l-PURP-ž=3SG.ABS,verb
kibuppu,kev-uffu,setzen; stellen; legen,1A.SG.NEG,verb
kibure,kib+o+re,u.B.,.ABS,noun
kibure,kiburi-ne,u.B.,ABL/INS,noun
kibure,kiburi-ne-e,u.B.,RELAT.SG-DIR/LOC,noun
kibāšši,kev-a-šše,setzen; stellen; legen,INT-NMLZ.ABS,verb
kibāšši,kib+a+šše,u.B.,.ABS,noun
kibōliž,kev-o-l-ež,setzen; stellen; legen,MOD.PAT-l-OPT,verb
kigaduwamma,kig-ad-u-a=mma,u.B.,ad-MED-3A.SG=2SG.ABS,verb
kigaduwamma,kig-ad-u-a=mma,u.B.,ad-MED-3A.SG=CON,verb
kiglibadallin,Kiglibadalli=n,PN,.ABS=3SG.ABS,noun
kikkunima,kikk+o+ni=ma,u.B.,.ABS=2SG.ABS,noun
kikkunima,kikk+o+ni=ma,u.B.,.ABS=CON,noun
kikkunimma,kikk+o+ni=mma,u.B.,.ABS=2SG.ABS,noun
kikkunimma,kikk+o+ni=mma,u.B.,.ABS=CON,noun
kikkuġēda,kikk-oġ-ed-a,u.B.,oġ-FUT-3A.SG,verb
kiligileštum,keli+gel-ešt-o-m,hochlegen,RES-TR.PFV-3A.SG,verb
kiluffa,kēl-uff-a,wohl sein; wohl machen,uff-3A.SG,verb
kiluffa,kēl-uff-a,wohl sein; wohl machen,uff-INT,verb
kilum,kēl-o=m,wohl sein; wohl machen,MOD.PAT=2SG.ABS,verb
kilānab,kil+ān-a-b,hochragen,INT-b,verb
kilānež,kil+ān-i-ež,hochragen,MOD.AG-OPT,verb
kilōlu,kēl-ol-o,wohl sein; wohl machen,ol-MOD.PAT,verb
kilūni,kil+ōn-i,sich erheben?,ANTIP,verb
kinnāri,kinn+ār+i,u.B.,.ABS,noun
kinnāri,kinn-ar-i,u.B.,ITER-ANTIP,verb
kināe,kin-i-ae,u.B.,MOD.AG-PURP,verb
kināe,kini-ae,u.B.,INS,noun
kippinež,kippi-ne-ž,Macht?,RELAT.SG-ERG,noun
kippiniž,kippi-ne-ž,Macht?,RELAT.SG-ERG,noun
kippēna,kippe-na,u.B.,RELAT.PL.ABS,noun
kiptaneda,kip-d-an-ed-a,u.B.,d-an-FUT-3A.SG,verb
kiptaneda,kipt-an-ed-a,u.B.,an-FUT-3A.SG,verb
kiraraštum,kir-ar-ašt-o-m,u.B.,ITER-RES-TR.PFV-3A.SG,verb
kirarinna,kir+ar+i+nni-a,u.B.,ESS,noun
kirarinni,kir+ar+i+nni,u.B.,.ABS,noun
kirarinni,kir+ari+ni-ne,u.B.,ABL/INS,noun
kirarinni,kir+ari+ni-ne-e,u.B.,RELAT.SG-DIR/LOC,noun
kirarinnilam,kir+ar+i+nni-i=l=am,u.B.,3POSS.SG.ABS=3PL.ABS=CON,noun
kirarnež,kir+ari+ni-i-ž,u.B.,3POSS.SG-ERG,noun
kirarnež,kir+ari+ni-ž,u.B.,ERG,noun
kirarni,kir+ari+ni,u.B.,.ABS,noun
kirašši,ker+a+šše,dauerhaft; lang,.ABS,ADJ
kiraššulaēž,kir+ašš-o-l-ae-ž,lang / dauerhaft machen,MOD.PAT-l-PURP-ž,verb
kiražima,ker+ā+že=ma,dauerhaft; lang,.ABS=CON,ADJ
kirenze,kire+n+ze,Freilassung,.ABS,noun
kirenzi,kire+n+ze,Freilassung,.ABS,noun
kirinida,kire-ne-da,u.B.,RELAT.SG-DIR,noun
kirinzi,kire+n+ze,Freilassung,.ABS,noun
kirmana,kir+man-a,achtzehn,ESS,NUM
kirmānzeni,kir+mān+ze-ne-e,achtzehnter,RELAT.SG-DIR/LOC,NUM
kirulēž,kir-o-l-ež,u.B.,MOD.PAT-l-OPT,verb
kirunna,kir-o=nna,freilassen,MOD.PAT=3SG.ABS,verb
kirāe,kiri-ae,u.B.,INS,noun
kirāži,ker+ā+že,dauerhaft; lang,.ABS,ADJ
kirāžima,ker+ā+že=ma,dauerhaft; lang,.ABS=CON,ADJ
kirētte,kerētte,lang?,.ABS,ADJ
kirġe,kirġe,(Umwallung der) Oberstadt,.ABS,noun
kirġivi,kirġe-ve,(Umwallung der) Oberstadt,GEN,noun
kiverra,kevri-na,Ältester,RELAT.PL.ABS,noun
kivirāžan,kevri-na-až-a=n,Ältester,RELAT.PL-PL-DAT/ESS=3SG.ABS,noun
kivori,kev-o-re,setzen; stellen; legen,PAT-PTCP.ABS,verb
kivožuž,kev+o+že-ož,u.B.,EQU,noun
kivožuž,kev-ož-o-ež,setzen; stellen; legen,ož-MOD.PAT-OPT,verb
kivožuž,kiv-ož-o-ež,u.B.,ož-MOD.PAT-OPT,verb
kivudu,kev-ud-u,setzen; stellen; legen,ud-MED,verb
kivērāšta,kevri-na-až-da,Ältester,RELAT.PL-PL-DIR,noun
kivōrġēnivōž,kiv+ōr+ġē-ne-ve-ož,u.B.,RELAT.SG-GEN-EQU,noun
kivōrġēnivōž,kiv+ōr+ġē-ne-ve-ož,u.B.,RELAT.SG-GEN-ERG,noun
kiāžēni,kiaže-ne,Meer,ABL/INS,noun
kiāžēni,kiaže-ne-e,Meer,RELAT.SG-DIR/LOC,noun
kiġenež,kiġe-ne-ž,u.B.,RELAT.SG-ERG,noun
kiġenež,kiʾe-ne-ž,u.B.,RELAT.SG-ERG,noun
kiġenež,kiḫḫe-ne-ž,u.B.,RELAT.SG-ERG,noun
kiškižiaššenina,kiš+kiž+i+a+šše+ni-na,u.B.,RELAT.PL.ABS,noun
kiškižiaššenina,kiš+kiž+i+a+šše-ne-nna,u.B.,RELAT.SG-EQU2,noun
kiššen,Kešše=n,PN,.ABS=3SG.ABS,noun
kiššen,Kešše=n,PN,.ABS=CON,noun
kišši,Kešše,PN,.ABS,noun
kiššitamašši,kišš-i,u.B.,ANTIP,verb
kiššitamašši,kišš-i-d-a-ma-šše,u.B.,TR-PL.A-3A-NEG-NMLZ.ABS,verb
kiššitamašši,kišši,u.B.,.ABS,noun
kiššitamašši,tam+a+šše,u.B.,.ABS,noun
kišḫeni,kešḫi-ne-e,Thron,RELAT.SG-DIR/LOC,noun
kišḫi,kešḫ-i,thronen,ANTIP,verb
kišḫiažal,kešḫi-i-až-a=l,Thron,3POSS-PL-DAT/ESS=3PL.ABS,noun
kišḫida,kešḫi-da,Thron,DIR,noun
kišḫida,kešḫi-i-da,Thron,3POSS.SG-DIR,noun
kišḫiden,kešḫ-id-en,thronen,PL.A-3JUSS,verb
kišḫin,kešḫi-n,Thron,ABL/INS,noun
kišḫini,kešḫi-ne,Thron,ABL/INS,noun
kišḫini,kešḫi-ne-e,Thron,RELAT.SG-DIR/LOC,noun
kišḫinin,kešḫi-ne-n,Thron,RELAT.SG-ABL/INS,noun
kišḫiža,kešḫ-iž-a,thronen,iž-INT,verb
kižarženež,kiž+ar+že-ne-ž,u.B.,RELAT.SG-ERG,noun
kižipsōvāe,kižipsōvae,u.B.,.ABS,noun
kubababāi,Kubaba-ve-ae,DN,GEN-INS,noun
kubaġāe,kub-aġ-i-ae,u.B.,aġ-MOD.AG-PURP,verb
kubaġāe,kubaġi-ae,u.B.,INS,noun
kubāġinel,kubāġi-ne-e=l,eine Kopfbedeckung,RELAT.SG-DIR/LOC=3PL.ABS,noun
kubāġinel,kubāġi-ne-ž=l,eine Kopfbedeckung,RELAT.SG-ERG=3PL.ABS,noun
kubāġinel,kubāġi-ne=l,eine Kopfbedeckung,ABL/INS=3PL.ABS,noun
kudukku,kud-o-kko,fallen; niederwerfen,INT-NEG,verb
kudunib,kuduni-v,Nacken?,2POSS.SG.ABS,noun
kula,kol-a,ablassen; beiseite lassen,INT,verb
kula,kul-a,sprechen,INT,verb
kula,kul-a,u.B.,INT,verb
kula,kuli-a,u.B.,ESS,noun
kulamudutki,kul+am+ud+ut+ki,Verleumdung,.ABS,noun
kulamudutkāi,kul+am+ud+ut+ki-ae,Verleumdung,INS,noun
kulamurnella,kulamur+ni-i=lla,u.B.,3POSS.SG.ABS=3PL.ABS,noun
kulamōrrinibi,kul+am+ō+rre-ne-ve,u.B.,RELAT.SG-GEN,noun
kulamū,kul-am-aw,sprechen,FACT-1A.SG,verb
kulamū,kul-am-u,sprechen,FACT-MED,verb
kulamū,kul-am-u-aw,sprechen,FACT-MED-1A.SG,verb
kuldim,kul-d-i=m,sprechen,d-TR.IMP=2SG.ABS,verb
kuldubin,kuldubi-n,u.B.,ABL/INS,noun
kuldum,kul-d-o=m,sprechen,d-MOD.PAT=CON,verb
kuldum,kul-d-u=m,sprechen,d-MED=2SG.ABS,verb
kulimmāššōḫḫa,kul+i+mm+ā+šš+ō+ḫḫe-a,u.B.,ESS,noun
kulimāššināža,kul+i+m+ā+šše-na-až-a,u.B.,RELAT.PL-PL-DAT/ESS,noun
kuliġiani,kul+i+ġe-i-ane,Ausspruch?; das Sprechen?,3POSS.SG-ABL/INS,noun
kullāe,kol-i-l-ae,ablassen; beiseite lassen,MOD.AG-l-PURP,verb
kullāe,kul-i-l-ae,sprechen,MOD.AG-l-PURP,verb
kulmiḫuštal,kulm-i,u.B.,ANTIP,verb
kulmiḫuštal,kulm-iġ-ož-d-a=l,tief sein?,iġ-PST-PL.A-3A=3PL.ABS,verb
kulmiḫuštal,kulm-iġ-ož-d-a=l,tief sein?,iġ-PST-d-INT=3PL.ABS,verb
kulmiḫuštal,kulm-iġ-ušt-a=l,u.B.,iġ-RES-3A.SG=3PL.ABS,verb
kulmiḫuštal,kulm-iġ-ušt-a=l,u.B.,iġ-RES-INT=3PL.ABS,verb
kulmiḫuštal,kulmi,u.B.,.ABS,noun
kulmiḫuštal,ḫušt-a=l,u.B.,INT=3PL.ABS,verb
kulmiḫuštal,ḫušte-a=l,u.B.,ESS=3PL.ABS,noun
kulmiḫuštal,ḫō-ož-d-a=l,rufen,PST-PL.A-3A=3PL.ABS,verb
kulmiḫuštal,ḫō-ož-d-a=l,rufen,PST-d-3A.SG=3PL.ABS,verb
kulmiḫuštal,ḫō-ušt-a=l,rufen,RES-3A.SG=3PL.ABS,verb
kulmiḫuštal,ḫō-ušt-a=l,rufen,RES-INT=3PL.ABS,verb
kulmu,kulm-o,u.B.,MOD.PAT,verb
kulmu,kulm-u,u.B.,MED,verb
kulmuppa,kulm-upp-a,u.B.,upp-3A.SG,verb
kulmuppa,kulm-upp-a,u.B.,upp-INT,verb
kulmuri,kulm+o+re,u.B.,.ABS,noun
kulmurina,kulm+o+re-na,u.B.,RELAT.PL.ABS,noun
kulmurri,kulm+o+re-ne,u.B.,ABL/INS,noun
kulmurri,kulm+o+re-ne-e,u.B.,RELAT.SG-DIR/LOC,noun
kulmōri,kulm+o+re,u.B.,.ABS,noun
kulmōrrin,kulmōri-ne-n,u.B.,RELAT.SG-ABL/INS,noun
kulumbi,kul+u+mb-i,u.B.,ANTIP,verb
kulumbi,kulumbi,u.B.,.ABS,noun
kulumbi,kulumbi-i,u.B.,3POSS.SG.ABS,noun
kulužašši,kul-ož-a-šše,sprechen,PST-3A.SG-NMLZ.ABS,verb
kulužašši,mal-ož-a-šše,u.B.,PST-3A.SG-NMLZ.ABS,verb
kulvenāma,kulve-na=ma,u.B.,RELAT.PL.ABS=CON,noun
kulzinež,kulzi-ne-ž,u.B.,RELAT.SG-ERG,noun
kulziž,kulzi-i-ž,u.B.,3POSS.SG-ERG,noun
kulziž,kulzi-ž,u.B.,ERG,noun
kulōrum,kul-ur-o-m,sprechen,ur-TR.PFV-3A.SG,verb
kulūrum,kul-ur-o-m,sprechen,ur-TR.PFV-3A.SG,verb
kumarbi,Kumarve,DN,.ABS,noun
kumarbinive,Kumarve-ne-ve,DN,RELAT.SG-GEN,noun
kumarbinī,Kumarve-ne-ž,DN,RELAT.SG-ERG,noun
kumarbiž,Kumarve-ž,DN,ERG,noun
kumarve,Kumarve,DN,.ABS,noun
kumarvenel,Kumarve-ne-ž=l,DN,RELAT.SG-ERG=3PL.ABS,noun
kumarvenella,Kumarve-ne-ž=lla,DN,RELAT.SG-ERG=3PL.ABS,noun
kumarvenež,Kumarve-ne-ž,DN,RELAT.SG-ERG,noun
kumarvinīel,Kumarve-ne-ž=l,DN,RELAT.SG-ERG=3PL.ABS,noun
kumdi,kūm+de,Turm,.ABS,noun
kummenive,Kumme-ne-ve,GN,RELAT.SG-GEN,noun
kummini,Kumme-ne-e,GN,RELAT.SG-DIR/LOC,noun
kumminibi,Kumme-ne-ve,GN,RELAT.SG-GEN,noun
kumminim,Kumme=n=i=m,GN,.ABS=3SG.ABS=EPNTH=CON,noun
kumminive,Kumme-ne-ve,GN,RELAT.SG-GEN,noun
kumminivi,Kumme-ne-ve,GN,RELAT.SG-GEN,noun
kumminivož,Kumme-ne-ve-ož,GN,RELAT.SG-GEN-ERG,noun
kummōġi,kumm+ō+ġe,zu Kumme gehörig,.ABS,ADJ
kumri,kumri,ein Priester,.ABS,noun
kumrie,kumri-e,ein Priester,3POSS.SG.ABS,noun
kumrie,kumri-i-e,ein Priester,3POSS.SG-DIR/LOC,noun
kumrie,kumrē,u.B.,.ABS,noun
kumruḫḫāl,kumr+o+ḫḫe-a=l,u.B.,ESS=3PL.ABS,noun
kundari,kundari,u.B.,.ABS,noun
kundarrin,kundari-ne-n,u.B.,RELAT.SG-ABL/INS,noun
kundi,kund-i,u.B.,ANTIP,verb
kundi,kunde,u.B.,.ABS,noun
kundāri,kundāri,u.B.,.ABS,noun
kundārrin,kundāri-ne-n,u.B.,RELAT.SG-ABL/INS,noun
kungallē,kungallē,Fettschwanzschaf,.ABS,noun
kuniniba,kune-ne-va,u.B.,RELAT.SG-DAT,noun
kuninibi,kune-ne-ve,u.B.,RELAT.SG-GEN,noun
kurannia,kur+a+nni-i-a,u.B.,3POSS.SG-ESS,noun
kurannia,kur-ann-i-a,u.B.,ann-TR-3A.SG,verb
kuraḫḫa,kur+a+ḫḫe-a,Servierer,ESS,noun
kuraḫḫa,kur+aḫḫ+i-a,Servierer,ESS,noun
kuraḫḫi,kur+aḫḫ+i,Servierer,.ABS,noun
kurgōrveašša,kurgōrvi-i-až=nna,u.B.,3POSS-PL.ABS=3SG.ABS,noun
kuruppa,kur-upp-a,erwidern,upp-3A.SG,verb
kuruppa,kur-upp-a,erwidern,upp-INT,verb
kuruppa,kur-upp-a,u.B.,upp-3A.SG,verb
kuruppa,kur-upp-a,u.B.,upp-INT,verb
kuruppa,kuruppi-a,u.B.,ESS,noun
kutkūda,kut+kūd-a,u.B.,3A.SG,verb
kutkūda,kut+kūdi-a,u.B.,ESS,noun
kutkūda,kutk-ud-a,u.B.,ud-3A.SG,verb
kuttae,kutte-ae,u.B.,INS,noun
kutte,kud-id-en,fallen; niederwerfen,PL.A-3JUSS,verb
kutteni,kutte-ne,u.B.,ABL/INS,noun
kutteni,kutte-ne-e,u.B.,RELAT.SG-DIR/LOC,noun
kuttivenna,kuttive+ni-na,u.B.,RELAT.PL.ABS,noun
kuttivenna,kuttive-na,u.B.,RELAT.PL,noun
kuttivenna,kuttive-nna,u.B.,EQU2,noun
kuzuġi,kuz+o+ġe,u.B.,.ABS,noun
kuzuġi,kuz-oġ-i,u.B.,oġ-ANTIP,verb
kužapḫi,Kužaġ-ve,DN,GEN,noun
kužuškuženie,kuž+u+šk+o+že-ne,u.B.,ABL/INS,noun
kužuškuženie,kuž+u+šk+o+že-ne-e,u.B.,RELAT.SG-DIR/LOC,noun
kužuškuženie,kuž+u+šk+o+že-ne-ve,u.B.,RELAT.SG-GEN,noun
kāballež,kabli-ne-ž,Kupfer,RELAT.SG-ERG,noun
kābarra,kābari-na,u.B.,RELAT.PL.ABS,noun
kādala,kad-al-a,sagen; sprechen,al-3A.SG,verb
kādala,kad-al-a,sagen; sprechen,al-INT,verb
kādala,kād+ali-a,u.B.,ESS,noun
kāde,kadi,u.B.,.ABS,noun
kāde,kāde,Gerste?,.ABS,noun
kādi,kad-i,sagen; sprechen,ANTIP,verb
kādi,kadi,u.B.,.ABS,noun
kādia,kad-i-a,sagen; sprechen,TR-3A.SG,verb
kādukku,kad-o-kko,sagen; sprechen,INT-NEG,verb
kādāšti,kad-ašt-i,sagen; sprechen,RES-ANTIP,verb
kādāšti,kad-ašt-i,sagen; sprechen,RES-TR.IMP,verb
kādōva,kad-u-a,sagen; sprechen,MED-3A.SG,verb
kādūlāīn,kad-o-l-ae-n,sagen; sprechen,MOD.PAT-l-PURP-n,verb
kādūlāīn,kad-o-l-ae=n,sagen; sprechen,MOD.PAT-l-PURP=3SG.ABS,verb
kādūlāīn,kad-o-l-ae=n,sagen; sprechen,MOD.PAT-l-PURP=CON,verb
kādūlāīn,kad-ol-i-ae-n,sagen; sprechen,ol-MOD.AG-PURP-n,verb
kādūlāīn,kad-ol-i-ae=n,sagen; sprechen,ol-MOD.AG-PURP=3SG.ABS,verb
kādūlāīn,kad-ol-i-ae=n,sagen; sprechen,ol-MOD.AG-PURP=CON,verb
kāla,kāl-a,u.B.,INT,verb
kāla,kāli-a,u.B.,ESS,noun
kāllež,kāli-ne-ž,u.B.,RELAT.SG-ERG,noun
kāmmi,kamme,ein Tier,.ABS,noun
kāni,kāni,u.B.,.ABS,noun
kāri,kar-i,u.B.,ANTIP,verb
kāri,kāri,u.B.,.ABS,noun
kāržib,karži-v,Lippen,2POSS.SG.ABS,noun
kāssi,kāze,Becher,.ABS,noun
kāvāl,kāv-a=lla,u.B.,INT=3PL.ABS,verb
kāvāl,kāvi-a=l,u.B.,ESS=3PL.ABS,noun
kāzi,kāze,Becher,.ABS,noun
kāzuž,kāze-ož,Becher,EQU,noun
kāzōž,kāze-ož,Becher,EQU,noun
kāššui,kāššui,u.B.,,unclear
kāža,kāž-a,u.B.,INT,verb
kāža,kāži-a,u.B.,ESS,noun
kāžla,kažl-a,stark sein,INT,verb
kāžla,kažli-a,"stark, Stärke",ESS,noun
kāžukku,kāž-o-kko,u.B.,INT-NEG,verb
kāžuž,kāze-ož,Becher,EQU,noun
kēažima,kiaže=ma,Meer,.ABS=CON,noun
kēba,ke-i-eva,setzen; stellen; legen,MOD.AG-POT,verb
kēba,kev-a,setzen; stellen; legen,INT,verb
kēba,kēbi-a,u.B.,ESS,noun
kēbillāžuž,keb+li-na-až-ož,Jäger,RELAT.PL-PL-ERG,noun
kēbina,kēbi-na,u.B.,RELAT.PL.ABS,noun
kēbini,kēbi-ne,u.B.,ABL/INS,noun
kēbini,kēbi-ne-e,u.B.,RELAT.SG-DIR/LOC,noun
kēbli,keb+li,Jäger,.ABS,noun
kēbulāešša,kev-o-l-ae-ž=nna,setzen; stellen; legen,MOD.PAT-l-PURP-ž=3SG.ABS,verb
kēda,kēd-a,u.B.,INT,verb
kēda,kēdi-a,u.B.,ESS,noun
kēdadužei,kēd+ad+o+že-i,u.B.,3POSS.SG.ABS,noun
kēladi,kēl-ad-i,wohl sein; wohl machen,ad-ANTIP,verb
kēldāi,kel+di-ae,Wohl,INS,noun
kēlula,kēl-ol-a,wohl sein; wohl machen,ol-3A.SG,verb
kēlādi,kēl-ad-i,wohl sein; wohl machen,ad-ANTIP,verb
kēlġēdeni,kēlġēdi-ne,u.B.,ABL/INS,noun
kēlġēdeni,kēlġēdi-ne-e,u.B.,RELAT.SG-DIR/LOC,noun
kēlōla,kēl-ol-a,wohl sein; wohl machen,ol-3A.SG,verb
kēnnādal,kēnn+ār+i-a=l,u.B.,ESS=3PL.ABS,noun
kēnnādal,kēnn-ad-a=l,u.B.,ad-3A.SG=3PL.ABS,verb
kēnnādal,kēnn-ad-a=l,u.B.,ad-INT=3PL.ABS,verb
kēnnādal,kēnn-ar-a=l,u.B.,ITER-3A.SG=3PL.ABS,verb
kēnnādal,kēnn-ar-a=l,u.B.,ITER-INT=3PL.ABS,verb
kēnnādal,kēnnādi-a=l,u.B.,ESS=3PL.ABS,noun
kēraži,ker+a+šše,dauerhaft; lang,.ABS,ADJ
kērenze,kire+n+ze,Freilassung,.ABS,noun
kēriuššininna,kēr-i-o-šše-ne-nna,u.B.,TR-2A.SG-NMLZ-RELAT.SG-EQU2,noun
kērāži,ker+ā+že,dauerhaft; lang,.ABS,ADJ
kērāžuž,ker-až-o-ež,lang / dauerhaft sein,až-MOD.PAT-OPT,verb
kērēni,kēri-e-ne,u.B.,3POSS.SG-ABL/INS,noun
kērēni,kērē-ne,u.B.,ABL/INS,noun
kērēni,kērē-ne-e,u.B.,RELAT.SG-DIR/LOC,noun
kēva,kev-a,setzen; stellen; legen,INT,verb
kēva,kevi-a,u.B.,ESS,noun
kēverra,kevri-na,Ältester,RELAT.PL.ABS,noun
kēvirrām,kevri-na=m,Ältester,RELAT.PL.ABS=CON,noun
kēški,keški,dritter,.ABS,NUM
kēšḫe,kešḫi,Thron,.ABS,noun
kīaži,kiaže,Meer,.ABS,noun
kībašši,kib+a+šše,u.B.,.ABS,noun
kībašši,kib-a-šše,u.B.,INT-NMLZ.ABS,verb
kīdāba,kīdāvi-a,ein Gewand,ESS,noun
kīdāvae,kīdāvi-ae,ein Gewand,INS,noun
kīgi,kīge,drei,.ABS,NUM
kīgie,kīge,drei,.ABS,NUM
kīgiāža,kīge-i-až-a,drei,3POSS-PL-DAT/ESS,NUM
kīli,ke-i-le,setzen; stellen; legen,MOD.AG-1JUSS,verb
kīli,kil-i,u.B.,ANTIP,verb
kīli,kili,u.B.,.ABS,noun
kīppinež,kippi-ne-ž,Macht?,RELAT.SG-ERG,noun
kīrenzamma,kire+n+ze-a=mma,Freilassung,ESS=CON,noun
kīruġida,kir-oġ-ed-a,u.B.,oġ-FUT-3A.SG,verb
kīzirriva,kīziri-ne-va,u.B.,RELAT.SG-DAT,noun
kīzirženi,kīzir+že-ne,u.B.,ABL/INS,noun
kīzirženi,kīzir+že-ne-e,u.B.,RELAT.SG-DIR/LOC,noun
kīzīrriva,kīziri-ne-va,u.B.,RELAT.SG-DAT,noun
kīškūppēnida,kīšk+ūpp+ē-ne-da,u.B.,RELAT.SG-DIR,noun
kōlež,kol-i-ež,ablassen; beiseite lassen,MOD.AG-OPT,verb
kōlma,kōlm-a,u.B.,INT,verb
kōlma,kōlmi-a,u.B.,ESS,noun
kōmura,kōm-ur-a,u.B.,ur-INT,verb
kōmura,kōmuri-a,u.B.,ESS,noun
kōppannal,kōpp+a+nni-a=l,u.B.,ESS=3PL.ABS,noun
kōruppi,kōr-upp-i,u.B.,upp-ANTIP,verb
kōruppi,kōruppi,u.B.,.ABS,noun
kūdadena,kūdade-na,u.B.,RELAT.PL.ABS,noun
kūdaīž,kud-i-ae-ž,fallen; niederwerfen,MOD.AG-PURP-ž,verb
kūdu,kud-o,fallen; niederwerfen,MOD.PAT,verb
kūgukku,kūg-o-kko,u.B.,INT-NEG,verb
kūliamma,kul-i-a-mma,sprechen,TR-3A.SG-NEG,verb
kūlīna,kuli-na,u.B.,RELAT.PL.ABS,noun
kūmdenivenin,kūm+de-ne-ve-ne-e=n,Turm,RELAT.SG-GEN-RELAT.SG-DIR/LOC=3SG.ABS,noun
kūmdenivenin,kūm+de-ne-ve-ne-n,Turm,RELAT.SG-GEN-RELAT.SG-ABL/INS,noun
kūmurrida,kūmuri-ne-da,u.B.,RELAT.SG-DIR,noun
kūninin,kune-ne-e=n,u.B.,RELAT.SG-DIR/LOC=3SG.ABS,noun
kūninin,kune-ne-e=n,u.B.,RELAT.SG-DIR/LOC=CON,noun
kūninin,kune-ne-n,u.B.,RELAT.SG-ABL/INS,noun
kūninin,kune-ne=n,u.B.,ABL/INS=3SG.ABS,noun
kūninin,kune-ne=n,u.B.,ABL/INS=CON,noun
kūžaġ,Kužaġ,DN,.ABS,noun
kūžuġ,Kužuġ,DN,.ABS,noun
lablaḫḫinež,labla+ḫḫe-ne-ž,Zeder,RELAT.SG-ERG,noun
lablaḫḫini,labla+ḫḫe-ne,Zeder,ABL/INS,noun
lablaḫḫini,labla+ḫḫe-ne-e,Zeder,RELAT.SG-DIR/LOC,noun
lablaḫḫinida,labla+ḫḫe-ne-da,Zeder,RELAT.SG-DIR,noun
lallarrež,lallari-ne-ž,Klagepriester,RELAT.SG-ERG,noun
laġlaḫḫini,Laġlaḫḫi-ne,GN,ABL/INS,noun
laġlaḫḫini,Laġlaḫḫi-ne-e,GN,RELAT.SG-DIR/LOC,noun
lullimbara,lull+i+mb+ar+i-a,u.B.,ESS,noun
madaffa,mādi-a=ffa,Weisheit,ESS=2PL.ABS,noun
madappa,mādi-a=ffa,Weisheit,ESS=2PL.ABS,noun
madla,mad-l-a,u.B.,l-INT,verb
madla,madl-a,u.B.,INT,verb
madla,madli-a,u.B.,ESS,noun
madāppa,mādi-a=ffa,Weisheit,ESS=2PL.ABS,noun
madōli,mād-ol-i,weise sein / machen,ol-ANTIP,verb
magaldenibi,magaldi-ne-ve,ein Brot,RELAT.SG-GEN,noun
magaldiniba,magaldi-ne-va,ein Brot,RELAT.SG-DAT,noun
magaldinibināža,magaldi-ne-ve-na-až-a,ein Brot,RELAT.SG-GEN-RELAT.PL-PL-DAT/ESS,noun
magaldinibād,magaldi-ne-va=d,ein Brot,RELAT.SG-DAT=1SG.ABS,noun
mala,mal-a,u.B.,INT,verb
mala,mali-a,u.B.,ESS,noun
malladael,mall+ade-ae=l,Schüssel; Schale,INS=3PL.ABS,noun
malvāži,malvāži,u.B.,.ABS,noun
malāe,mal-i-ae,u.B.,MOD.AG-PURP,verb
malāe,mali-ae,u.B.,INS,noun
mana,man-a,3PRON,ESS,PRON
mana,mān+a,PRON.INDF,,PRON
mandukkaella,mandukki-ae=lla,u.B.,INS=3PL.ABS,noun
mandukkimma,mandukki=mma,u.B.,.ABS=2SG.ABS,noun
mannamištun,Mannamištu=n,PN,.ABS=3SG.ABS,noun
manza,man-z-a,3PRON,PL-DAT/ESS,PRON
manzōra,man-z-ora,3PRON,PL-COM,PRON
manzōrāma,manu-ž-ora=ma,3PRON,PL-COM=CON,PRON
manzōž,man-z-ož,3PRON,PL-ERG,PRON
manzōž,manu-ž-ož,3PRON,PL-ERG,PRON
marašte,mar-ašt-i,erkranken?,RES-ANTIP,verb
marašte,marašte,u.B.,.ABS,noun
mardamanni,Mardamanni,GN,.ABS,noun
mardamanni,mardam+a+ni-ne,u.B.,ABL/INS,noun
mardamanni,mardam+a+ni-ne-e,u.B.,RELAT.SG-DIR/LOC,noun
mardamanni,mardam+a+nni,u.B.,.ABS,noun
marešḫi,mar+i+šḫe,u.B.,.ABS,noun
marninel,marne-ne-e=l,u.B.,RELAT.SG-DIR/LOC=3PL.ABS,noun
marninel,marne-ne=l,u.B.,ABL/INS=3PL.ABS,noun
maruda,mar-ud-a,erkranken?,ud-3A.SG,verb
maruda,mar-ud-a,erkranken?,ud-INT,verb
maruda,marudi-a,u.B.,ESS,verb
maruži,mar-ož-i,erkranken?,PST-ANTIP,verb
maruži,maroži,Krankheit,.ABS,noun
mazanuri,mazanuri,u.B.,.ABS,noun
maēttana,maētta+ni-a,u.B.,ESS,noun
maġirri,maġiri-ne-e,Marktplatz,RELAT.SG-DIR/LOC,noun
maġitti,maġitti,u.B.,.ABS,noun
maġāra,maġ-ar-a,u.B.,ITER-3A.SG,verb
maġōrri,maġōri-ne,u.B.,ABL/INS,noun
maġōrri,maġōri-ne-e,u.B.,RELAT.SG-DIR/LOC,noun
mažagum,maž-ag-o-m,u.B.,ag-TR.PFV-3A.SG,verb
melaḫḫum,mel+aḫḫ-o-m,vertreiben,TR.PFV-3A.SG,verb
meġa,meġ-a,hintreten,INT,verb
migummi,mig-umme,u.B.,INF.ABS,verb
miluladilāe,mil-ol-ad-i-l-ae,vertreiben,ol-ad-MOD.AG-l-PURP,verb
milulādu,mil-ol-ad-o,vertreiben,ol-ad-MOD.PAT,verb
milulādu,mil-ol-ad-u,vertreiben,ol-ad-MED,verb
mini,mini,Nacht?,.ABS,noun
mirešḫini,mir+e+šḫi-ne,u.B.,ABL/INS,noun
mirešḫini,mir+e+šḫi-ne-e,u.B.,RELAT.SG-DIR/LOC,noun
mirulavāl,mir+ul+avi-a=l,u.B.,ESS=3PL.ABS,noun
miržāe,mirž-i-ae,u.B.,MOD.AG-PURP,verb
miržāe,mirži-ae,u.B.,INS,noun
miržāl,mirž-a=l,u.B.,INT=3PL.ABS,verb
miržāl,mirži-a=l,u.B.,ESS=3PL.ABS,noun
miržāl,mirži=l,u.B.,.ABS=3PL.ABS,noun
miġōm,meġ-o-m,hintreten,TR.PFV-3A.SG,verb
miġōm,miġ-o-m,u.B.,TR.PFV-3A.SG,verb
munuġuželāi,mun-oġ-ož-i-l-ae,u.B.,uġ-ož-MOD.AG-l-PURP,verb
munuž,mun-o-ež,u.B.,MOD.PAT-OPT,verb
munuž,muni-ož,u.B.,EQU,noun
munġīe,munġ-i-en,u.B.,MOD.AG-3JUSS,verb
munġīe,munġi-e,u.B.,3POSS.SG.ABS,noun
munġīe,munġi-i-e,u.B.,3POSS.SG-DIR/LOC,noun
murrina,mōrri-na,u.B.,RELAT.PL.ABS,noun
murriniba,mōrri-ne-va,u.B.,RELAT.SG-DAT,noun
murrāe,mor-i-l-ae,u.B.,MOD.AG-l-PURP,verb
murrāe,murri-ae,u.B.,INS,noun
murrīe,murri-i-e,u.B.,3POSS.SG-DIR/LOC,noun
murġulišta,murġ-ol-išt-a,u.B.,ol-RES-3A.SG,verb
murġulišta,murġ-ol-išt-a,u.B.,ol-RES-INT,verb
murġulišta,murġulišti-a,u.B.,ESS,noun
muwiri,mū+i+re,u.B.,.ABS,noun
mužuniba,Mužoni-va,DN,DAT,noun
mužuniž,Mužoni-ž,DN,ERG,noun
mužunna,muž+u+ni-na,u.B.,RELAT.PL.ABS,noun
mužunni,Mužunni,DN,,noun
mužunniba,Mužoni-ne-va,DN,RELAT.SG-DAT,noun
mužunniž,Mužoni-ž,DN,ERG,noun
mužōlōm,mūž-ol-o-m,bereiten; ordnen,ol-TR.PFV-3A.SG,verb
mužūni,muž+u+ni,Heger?; Bauer?,.ABS,noun
mādaffa,mādi-a=ffa,Weisheit,ESS=2PL.ABS,noun
mādai,mādi-ae,Weisheit,INS,noun
mādappa,mādi-a=ffa,Weisheit,ESS=2PL.ABS,noun
mādaštab,mād-ašt-a-b,weise sein / machen,RES-INT-b,verb
mādena,mādi-na,Weisheit,RELAT.PL.ABS,noun
mādi,mād-i,weise sein / machen,ANTIP,verb
mādi,mādi,Weisheit,.ABS,noun
mādida,mādi-da,Weisheit,DIR,noun
mādida,mādi-i-da,Weisheit,3POSS.SG-DIR,noun
mādie,mādi-e,Weisheit,3POSS.SG.ABS,noun
mādie,mādi-i-e,Weisheit,3POSS.SG-DIR/LOC,noun
mādillilla,mād-il-i-le=lla,weise sein / machen,il-MOD.AG-1JUSS=3PL.ABS,verb
mādillilla,mādili-ne-e=lla,u.B.,RELAT.SG-DIR/LOC=3PL.ABS,noun
mādillilla,mādili-ne-ž=lla,u.B.,RELAT.SG-ERG=3PL.ABS,noun
mādillilla,mādili-ne=lla,u.B.,ABL/INS=3PL.ABS,noun
mādillilla,mādilli-i=lla,u.B.,3POSS.SG.ABS=3PL.ABS,noun
mādinaža,mādi-na-až-a,Weisheit,RELAT.PL-PL-DAT/ESS,noun
mādinibi,mādi-ne-ve,Weisheit,RELAT.SG-GEN,noun
mādinivi,mādi-ne-ve,Weisheit,RELAT.SG-GEN,noun
māduwa,mād-u-a,weise sein / machen,MED-3A.SG,verb
māli,mali,u.B.,.ABS,noun
māli,māl-i,u.B.,ANTIP,verb
mālōžēna,māl+ō+žē-na,u.B.,RELAT.PL.ABS,noun
māmmurinie,mamm+o+re-ne-e,u.B.,RELAT.SG-DIR/LOC,noun
māmurinibi,mām+o+re-ne-ve,u.B.,RELAT.SG-GEN,noun
mān,mā=an,folgendermaßen,=CON,CONJ
mān,mā=n,folgendermaßen,=3SG.ABS,CONJ
māna,man-a,3PRON,ESS,PRON
māna,mān+a,PRON.INDF,,PRON
mānal,man-a=l,3PRON,ESS=3PL.ABS,PRON
mānal,mān+a=l,PRON.INDF,=3PL.ABS,PRON
mānga,mān+g+a,PRON.INDF.NEG,,PRON
mānie,mānne,3PRON,.ABS,PRON
mānni,mānne,3PRON,.ABS,PRON
mānnin,māni-ne-n,u.B.,RELAT.SG-ABL/INS,noun
mānnin,mānn-e=n,sein,STAT=3SG.ABS,verb
mānnin,mānn-e=n,sein,STAT=CON,verb
mānnin,mānne=n,3PRON,.ABS=3SG.ABS,PRON
mānnin,mānne=n,3PRON,.ABS=CON,PRON
mānnubōr,mānn-o-vor,sein,INT-NEG,verb
mānnuwalli,mānnuwali-ne,u.B.,ABL/INS,noun
mānnuwalli,mānnuwali-ne-e,u.B.,RELAT.SG-DIR/LOC,noun
mānnuwalli,mānnuwalli,u.B.,.ABS,noun
mānnōbur,mānn-o-vor,sein,INT-NEG,verb
mānuballa,manu-va=lla,3PRON,DAT=3PL.ABS,PRON
mānuda,man-oda,3PRON,DIR,PRON
mānura,manu-ra,3PRON,COM,PRON
mānura,mān+o+re-a,u.B.,ESS,noun
mānuž,manu-ž,3PRON,ERG,PRON
mānōl,man-ož=l,3PRON,ERG=3PL.ABS,PRON
māri,mar-i,u.B.,ANTIP,verb
māri,mar-i,u.B.,TR.IMP,verb
māri,mari,u.B.,.ABS,noun
mātta,mād-d-a,weise sein / machen,d-INT,verb
māttal,mād-d-a=l,weise sein / machen,d-INT=3PL.ABS,verb
māġirri,maġiri-ne-e,Marktplatz,RELAT.SG-DIR/LOC,noun
māġri,māġri,u.B.,.ABS,noun
māški,māški,Schale?,.ABS,noun
mēgi,Mēgi,PN,.ABS,noun
mēginella,Mēgi-ne-ž=lla,PN,RELAT.SG-ERG=3PL.ABS,noun
mēginež,Mēgi-ne-ž,PN,RELAT.SG-ERG,noun
mēginie,Mēgi-ne-ž,PN,RELAT.SG-ERG,noun
mēgummi,mēg-umme,u.B.,INF.ABS,verb
mērež,mēr-i-ež,u.B.,MOD.AG-OPT,verb
mērež,mēri-i-ž,u.B.,3POSS.SG-ERG,noun
mērež,mēri-ž,u.B.,ERG,noun
mēġa,meġ-a,hintreten,INT,verb
mīrrīž,mīr-i-l-ež,u.B.,MOD.AG-l-OPT,verb
mīrrīž,mīri-ne-ž,u.B.,RELAT.SG-ERG,noun
mōrri,mōri-ne,u.B.,ABL/INS,noun
mōrri,mōri-ne-e,u.B.,RELAT.SG-DIR/LOC,noun
mōrri,mōrri,u.B.,.ABS,noun
mōrrina,mōrri-na,u.B.,RELAT.PL.ABS,noun
mōrrinibādel,mōrri-ne-va=dil,u.B.,RELAT.SG-DAT=1PL.ABS,noun
mūgižanun,Mūgižanun,GN,.ABS,noun
mūnuriminida,mūnurimi-ne-da,u.B.,RELAT.SG-DIR,noun
mūžib,mūž-i-b,bereiten; ordnen,ANTIP-b,verb
mūžēdā,mūž-ed-a,bereiten; ordnen,FUT-3A.SG,verb
nabarbi,Nabarbi,DN,,noun
nabarbin,Nabarbi=n,DN,.ABS=3SG.ABS,noun
nabarbin,Nabarbi=n,DN,.ABS=CON,noun
nabarbinažuž,Nabari-ve-na-až-ož,DN,GEN-RELAT.PL-PL-ERG,noun
nabarbinibi,Nabarbi-ne-ve,DN,RELAT.SG-GEN,noun
nabarbinida,Nabarbi-ne-da,DN,RELAT.SG-DIR,noun
nabarbinie,Nabarbi-ne,DN,ABL/INS,noun
nabarbinie,Nabarbi-ne-e,DN,RELAT.SG-DIR/LOC,noun
nabarbinie,Nabarbi-ne-ve,DN,RELAT.SG-GEN,noun
nabarbinēda,Nabarbi-ne-da,DN,RELAT.SG-DIR,noun
nabarbiž,Nabarbi-ž,DN,ERG,noun
nabarriba,nab+ar+i-ne-va,u.B.,RELAT.SG-DAT,noun
nabarvināžuž,Nabarbi-ve-na-až-ož,DN,GEN-RELAT.PL-PL-ERG,noun
nabnida,nabni-da,u.B.,DIR,noun
nabnida,nabni-i-da,u.B.,3POSS.SG-DIR,noun
nabnīda,nabni-i-da,u.B.,3POSS.SG-DIR,noun
nagēri,nagēri,u.B.,.ABS,noun
naiġēna,na+i+ġē-na,Weide,RELAT.PL.ABS,noun
nakkašḫa,nakk+a+šḫe-a,u.B.,ESS,noun
nakkašḫam,nakk+a+šḫe-a=m,u.B.,ESS=CON,noun
nakki,nakk-i,freilassen; gewähren,TR.IMP,verb
nakkidaššu,nakk-ed-aššo,freilassen; gewähren,FUT-2A.PL,verb
nakkidaššō,nakk-ed-aššo,freilassen; gewähren,FUT-2A.PL,verb
nakkidāōž,nakk-ed-aw-ž,freilassen; gewähren,FUT-1A-PL,verb
nakkidūwa,nakk-ed-u-a,freilassen; gewähren,FUT-MED-3A.SG,verb
nakkima,nakk-i=ma,freilassen; gewähren,TR.IMP=CON,verb
nakkiwfošša,nakk-i-uffu-ž=nna,freilassen; gewähren,TR-1A.NEG-PL=3SG.ABS,verb
nakkiōffuž,nakk-i-uffu-ž,freilassen; gewähren,TR-1A.NEG-PL,verb
nakkiōššunā,nakk-i-oššo=nna,freilassen; gewähren,TR-2A.PL.NEG=3SG.ABS,verb
nakkuppu,nakk-uffu,freilassen; gewähren,1A.SG.NEG,verb
nakti,nak-d-i,u.B.,d-ANTIP,verb
nakti,nakt-i,u.B.,ANTIP,verb
nakti,nakti,u.B.,.ABS,noun
nakti,nakti,zerstört?; Ruine?,.ABS,noun
naktib,nakti-v,u.B.,2POSS.SG.ABS,noun
namla,namli-a,Bett,ESS,noun
nammallāža,namli-na-až-a,Bett,RELAT.PL-PL-DAT/ESS,noun
namniva,Namni-va,GN,DAT,noun
nanādum,nān-ad-o-m,schlagen,ad-TR.PFV-3A.SG,verb
natkinin,natki-ne-n,u.B,RELAT.SG-ABL/INS,noun
natkāmmannāža,natk+āmm+a+ni-na-až-a,zerstört?,RELAT.PL-PL-DAT/ESS,ADJ
natḫinen,natḫi-ne-n,Bett,RELAT.SG-ABL/INS,noun
naunnaža,nau+ni-na-až-a,Weide,RELAT.PL-PL-DAT/ESS,noun
naunnibi,nau+ni-ne-ve,Weide,RELAT.SG-GEN,noun
navanida,nav-an-ed-a,u.B.,an-FUT-3A.SG,verb
navanida,nav-an-ed-a,weiden,CAUS-FUT-3A.SG,verb
navanida,nav-an-ed-a,weiden,an-FUT-3A.SG,verb
navanida,navani-da,u.B.,DIR,noun
navari,Navari,GN,.ABS,noun
nave,nav-i,u.B.,TR.IMP,verb
nave,nav-i,weiden,TR.IMP,verb
nave,nave,u.B.,.ABS,noun
naveda,nav-ed-a,u.B.,FUT-3A.SG,verb
naveda,nave-da,(Todes-)Schicksal?,DIR,noun
navenež,nave-ne-ž,(Todes-)Schicksal?,RELAT.SG-ERG,noun
nawnībuwe,nau+ni-i-e,Weide,3POSS.SG-DIR/LOC,noun
nawnībuwe,nau+ni-iffu-ve,Weide,1POSS.SG-GEN,noun
nawunnež,nau+ni-ne-ž,Weide,RELAT.SG-ERG,noun
naēnāža,naīa-na-až-a,u.B.,RELAT.PL-PL-DAT/ESS,noun
naġmazulel,Naġmazuli-ž=l,DN,ERG=3PL.ABS,noun
naīanie,nai-i-ane,u.B.,3POSS.SG-ABL/INS,noun
naīanie,naīa-ne,u.B.,ABL/INS,noun
naīanie,naīa-ne-e,u.B.,RELAT.SG-DIR/LOC,noun
naīanie,naīa-ne-ve,u.B.,RELAT.SG-GEN,noun
našpa,našp-a,u.B.,INT,verb
našpa,našpi-a,u.B.,ESS,noun
nažāgi,naž-ag-i,u.B.,ag-ANTIP,verb
nažāgi,nažāgi,u.B.,.ABS,noun
naḫḫa,naḫḫ-a,sich setzen; sitzen; einsetzen,INT,verb
naḫḫab,naḫḫ-a-b,sich setzen; sitzen; einsetzen,INT-b,verb
naḫḫaššina,naḫḫ+a+šše-na,u.B.,RELAT.PL.ABS,noun
naḫḫaššina,naḫḫ-a-šše-na,sich setzen; sitzen; einsetzen,INT-NMLZ-RELAT.PL.ABS,verb
naḫḫili,naḫḫ-i-le,sich setzen; sitzen; einsetzen,MOD.AG-1JUSS,verb
naḫḫilāi,naḫḫ-i-l-ae,sich setzen; sitzen; einsetzen,MOD.AG-l-PURP,verb
naḫḫubaduž,naḫḫ+o+bade-ož,unbesiedelte,EQU,ADJ
naḫḫuža,naḫḫ+o+že-a,Sitzgelegenheit,ESS,noun
naḫḫuža,naḫḫ-ož-a,sich setzen; sitzen; einsetzen,PST-3A.SG,verb
naḫḫōtḫida,naḫḫ+ō+tḫe-da,Sitzgelegenheit,DIR,noun
naḫḫōtḫida,naḫḫ+ō+tḫe-i-da,Sitzgelegenheit,3POSS.SG-DIR,noun
naḫḫōža,naḫḫ+o+že-a,Sitzgelegenheit,ESS,noun
naḫḫōža,naḫḫ-ož-a,sich setzen; sitzen; einsetzen,PST-3A.SG,verb
naḫḫōžu,naḫḫ-ož-u,sich setzen; sitzen; einsetzen,PST-MED,verb
negri,negri,"Schutz, Beschützer",.ABS,noun
nelġa,nelġ-a,u.B.,INT,verb
nelġa,nelġi-a,u.B.,ESS,noun
neri,nera-i,Mutter,3POSS.SG.ABS,noun
neri,neri,gut; Güte,.ABS,noun
neri,nēr-i,u.B.,ANTIP,verb
nerubādi,nir+o+bāde,ungut,.ABS,ADJ
nerēda,nera-e-da,Mutter,3POSS.SG-DIR,noun
nerēda,neri-i-da,gut; Güte,3POSS.SG-DIR,noun
nerīda,nera-i-da,Mutter,3POSS.SG-DIR,noun
nerīda,neri-i-da,gut; Güte,3POSS.SG-DIR,noun
neġirna,neġer+ni-a,Brust,ESS,noun
nešša,nešši-a,Gabe,ESS,noun
nešši,nešši,Gabe,.ABS,noun
neššib,nešši-v,Gabe,2POSS.SG.ABS,noun
neššidal,nešši-da=l,Gabe,DIR=3PL.ABS,noun
neššidal,nešši-i-da=l,Gabe,3POSS.SG-DIR=3PL.ABS,noun
neššēna,nešši-na,Gabe,RELAT.PL.ABS,noun
nešḫina,nešḫi-na,u.B.,RELAT.PL.ABS,noun
nibra,nibri-a,u.B.,ESS,noun
niga,nig-a,u.B.,INT,verb
niga,nigi-a,u.B.,ESS,noun
nigalluwe,Nigallu-ve,DN,GEN,noun
nigalōba,Nigalo-va,DN,DAT,noun
nigri,negri,"Schutz, Beschützer",.ABS,noun
nikkal,Nikkal,DN,.ABS,noun
nikkalul,Nikkal-ož=l,DN,ERG=3PL.ABS,noun
nikkalul,Nikkal=l,DN,.ABS=3PL.ABS,noun
nilōž,nil-o-ež,u.B.,MOD.PAT-OPT,verb
nilōž,nili-ož,u.B.,EQU,noun
nilōž,nēli-ož,Honig,EQU,noun
ninuwava,Ninuwa-va,GN,DAT,noun
ninuwaġinešša,ninuwa+ġe-ne-ž=nna,ninivitisch,RELAT.SG-ERG=3SG.ABS,ADJ
ninuwāva,Ninuwa-va,GN,DAT,noun
ninuwāve,Ninuwa-ve,GN,GEN,noun
nippilōva,Nippilova-a,GN,ESS,noun
nirida,nera-i-da,Mutter,3POSS.SG-DIR,noun
nirida,neri-da,gut; Güte,DIR,noun
nirida,neri-i-da,gut; Güte,3POSS.SG-DIR,noun
nirubādi,nir+o+bāde,ungut,.ABS,ADJ
nirāe,neri-ae,gut; Güte,INS,noun
nirġa,nirġi-a,u.B.,ESS,noun
nirīda,nera-i-da,Mutter,3POSS.SG-DIR,noun
nirīda,neri-i-da,gut; Güte,3POSS.SG-DIR,noun
niržida,nir+že-da,gut,DIR,ADJ
niržida,nir+že-i-da,gut,3POSS.SG-DIR,ADJ
niviriffi,niviri-iffe,u.B.,1POSS.SG.ABS,noun
niviriffi,niviri-v-ve,u.B.,2POSS.SG-GEN,noun
nivōžellandin,niv-ož-ill-and-i-n,schreiben?,ož-ill-PL.A-MOD.AG-n,verb
nivōžellandin,niv-ož-ill-and-i=n,schreiben?,ož-ill-PL.A-MOD.AG=3SG.ABS,verb
niġarra,niġari-na,Mitgift; Gabe,RELAT.PL.ABS,noun
niġarži,niġar+že,u.B.,.ABS,noun
niġe,niġe,u.B.,.ABS,noun
niġeffi,niġe-iffe,u.B.,1POSS.SG.ABS,noun
niġeffi,niġe-v-ve,u.B.,2POSS.SG-GEN,noun
niġi,niġe,u.B.,.ABS,noun
niġippi,niġe-iffe,u.B.,1POSS.SG.ABS,noun
niġippi,niġe-v-ve,u.B.,2POSS.SG-GEN,noun
niġāri,niġari,Mitgift; Gabe,.ABS,noun
nubin,nubi-n,zehntausend,ABL/INS,NUM
nubin,nubi=n,zehntausend,.ABS=3SG.ABS,NUM
nuburna,nubur+ni-na,u.B.,RELAT.PL.ABS,noun
nudanzaġīvan,nudan+z+a+ġe-i-va=an,u.B.,3POSS.SG-DAT=CON,noun
nudanzaġīvan,nudan+z+a+ġe-i-va=n,u.B.,3POSS.SG-DAT=3SG.ABS,noun
nuladenež,nul+ade-ne-ž,u.B.,RELAT.SG-ERG,noun
numribi,numri-i-ve,u.B.,3POSS.SG-GEN,noun
numribi,numri-ve,u.B.,GEN,noun
nurandiġinina,nurandiġi-nna,Granatapfel,EQU2,noun
nurandiġinna,nurandiġi-nna,Granatapfel,EQU2,noun
nurāšše,nur+ā+šše,u.B.,.ABS,noun
nutkiġa,nutk+i+ġe-a,u.B.,ESS,noun
nuwinduž,nū-ind-o-ež,u.B.,PL.A-MOD.PAT-OPT,verb
nuġunab,nuġ+o+ni-a=m,u.B.,ESS=2SG.ABS,noun
nuḫḫaže,nuḫḫ+a+že,u.B.,.ABS,noun
nābi,nave,(Todes-)Schicksal?,.ABS,noun
nābima,nave-i=ma,(Todes-)Schicksal?,3POSS.SG.ABS=CON,noun
nābima,nave=ma,(Todes-)Schicksal?,.ABS=CON,noun
nābu,nāb-u,sterben,MED,verb
nāinažuž,nai-na-až-ož,u.B.,RELAT.PL-PL-ERG,noun
nāināžuž,nai-na-až-ož,u.B.,RELAT.PL-PL-ERG,noun
nāldiri,nāldiri,u.B.,.ABS,noun
nāli,nāl-i,u.B.,ANTIP,verb
nāli,nāl-i,u.B.,TR.IMP,verb
nāli,nāli,Rehbock,.ABS,noun
nāli,nāli,u.B.,.ABS,noun
nālli,nāli-ne,u.B.,ABL/INS,noun
nālli,nāli-ne-e,u.B.,RELAT.SG-DIR/LOC,noun
nālliž,nāli-ne-ž,Rehbock,RELAT.SG-ERG,noun
nāmallāža,namli-na-až-a,Bett,RELAT.PL-PL-DAT/ESS,noun
nānašti,nān-ašt-i,schlagen,RES-TR.IMP,verb
nānidi,nān-ed-i,schlagen,FUT-ANTIP,verb
nāninduža,nān-ind-o-eš=nna,schlagen,PL.A-MOD.PAT-OPT=3SG.ABS,verb
nāniž,nān-i-ež,schlagen,MOD.AG-OPT,verb
nāniž,nāni-ž,u.B.,ERG,noun
nārišše,nāri+šše,fünfter,.ABS,NUM
nātḫa,natḫi-a,Bett,ESS,noun
nāuffa,nā-uff-a,weiden,uff-INT,verb
nāva,nav-a,weiden,INT,verb
nāwunnebina,nau+ni-ne-ve-na,Weide,RELAT.SG-GEN-RELAT.PL.ABS,noun
nāwunnebina,nāū+nni-ve-na,Weide,GEN-RELAT.PL.ABS,noun
nāwunni,nāū+nni,Weide,.ABS,noun
nāwunnina,nāū+nni-na,Weide,RELAT.PL.ABS,noun
nāēniba,nāie-ne-va,u.B.,RELAT.SG-DAT,noun
nāēnāža,nāie-na-až-a,u.B.,RELAT.PL-PL-DAT/ESS,noun
nāġelāi,naḫḫ-i-l-ae,sich setzen; sitzen; einsetzen,MOD.AG-l-PURP,verb
nāžarni,nāž+ar+ni,u.B.,.ABS,noun
nēbāža,nēb+ā+že-a,u.B.,ESS,noun
nēbāži,nēb+ā+že,u.B.,.ABS,noun
nēduġēnež,nēd+o+ġē-ne-ž,u.B.,RELAT.SG-ERG,noun
nēla,nēli-a,Honig,ESS,noun
nēlaban,nēl-a-b=an,u.B.,INT-b=CON,verb
nēlaban,nēla-v-a=an,u.B.,2POSS.SG-ESS=CON,noun
nēlaban,nēla-v-a=n,u.B.,2POSS.SG-ESS=3SG.ABS,noun
nēlaban,nēla-v=an,u.B.,2POSS.SG.ABS=CON,noun
nēlaban,nēli-a=v=an,Honig,ESS=2PL.ABS=CON,noun
nēlaban,nēli-a=v=an,u.B.,ESS=2PL.ABS=CON,noun
nēli,nēli,Honig,.ABS,noun
nēlla,nēli-na,Honig,RELAT.PL.ABS,noun
nēlla,nēli-na,u.B.,RELAT.PL.ABS,noun
nēlōž,nēli-ož,Honig,EQU,noun
nēra,nera,Mutter,.ABS,noun
nēra,nera-a,Mutter,ESS,noun
nēra,neri-a,gut; Güte,ESS,noun
nēra,nēr-a,u.B.,INT,verb
nērara,nera-ra,Mutter,COM,noun
nēravi,nera-ve,Mutter,GEN,noun
nēri,nera-i,Mutter,3POSS.SG.ABS,noun
nēri,neri,gut; Güte,.ABS,noun
nēri,nēr-i,u.B.,ANTIP,verb
nērida,nera-i-da,Mutter,3POSS.SG-DIR,noun
nērida,neri-da,gut; Güte,DIR,noun
nērida,neri-i-da,gut; Güte,3POSS.SG-DIR,noun
nērida,nēr-ed-a,gut sein; gut machen,FUT-3A.SG,verb
nērne,nēr+ni,Mutter,.ABS,noun
nēġārža,nēġār+že-a,u.B.,ESS,noun
nēšši,nešši,Gabe,.ABS,noun
nīnubapḫi,Ninuwa-ġe-ve,GN,ADJ-GEN,noun
nīnādum,nīn-ad-o-m,u.B.,ad-TR.PFV-3A.SG,verb
nīrib,neri-v,gut; Güte,2POSS.SG.ABS,noun
nīrib,nir-i-b,u.B.,ANTIP-b,verb
nīvarīuž,nīv+ar+i-i-ož,u.B.,3POSS.SG-EQU,noun
nīvāži,nīv+ā+že,u.B.,.ABS,noun
nīġriažīel,nīġr+i+a+že-i=l,u.B.,3POSS.SG.ABS=3PL.ABS,noun
nōdiri,nōdiri,u.B.,.ABS,noun
nōial,noi-a=l,Ohr,.ABS-EPNTH=3PL.ABS,noun
nōriġini,nor+i+ġe-ne,u.B.,ABL/INS,noun
nōriġini,nor+i+ġe-ne-e,u.B.,RELAT.SG-DIR/LOC,noun
nōvarēm,nōv+ar+ē=m,u.B.,.ABS=CON,noun
nōvān,nōvi-a=an,u.B.,ESS=CON,noun
nōvān,nōvi-a=n,u.B.,ESS=3SG.ABS,noun
nōġaššeni,Nōġašše-ne,GN,ABL/INS,noun
nōġaššeni,Nōġašše-ne-e,GN,RELAT.SG-DIR/LOC,noun
nōġinduž,nōġ-ind-o-ež,u.B.,PL.A-MOD.PAT-OPT,noun
nūbi,nubi,zehntausend,.ABS,NUM
nūbīnīn,nubi-ne-n,zehntausend,RELAT.SG-ABL/INS,NUM
nūdu,nūd-o,u.B.,MOD.PAT,verb
nūdu,nūd-u,u.B.,MED,verb
nūduža,nūd+o+že-a,u.B.,ESS,noun
nūduža,nūd-ož-a,u.B.,PST-3A.SG,verb
nūma,nūm-a,u.B.,INT,verb
nūma,nūmi-a,u.B.,ESS,noun
nūrbiniž,nūrbi-ne-ž,u.B.,RELAT.SG-ERG,noun
nūwannīel,nūv+a+ni-ne-ž=l,u.B.,RELAT.SG-ERG=3PL.ABS,noun
nūwarrīvan,nūv+ar+i-ne-va=an,u.B.,RELAT.SG-DAT=CON,noun
nūwarrīvan,nūv+ar+i-ne-va=n,u.B.,RELAT.SG-DAT=3SG.ABS,noun
nūwarrīvān,nūv+ar+i-ne-va=an,u.B.,RELAT.SG-DAT=CON,noun
nūwarrīvān,nūv+ar+i-ne-va=n,u.B.,RELAT.SG-DAT=3SG.ABS,noun
pabanna,paba+ni-na,Berg,RELAT.PL.ABS,noun
pabannaže,paba+ni-na-až-ve,Berg,RELAT.PL-PL-GEN,noun
pabannažuž,paba+ni-na-až-ož,Berg,RELAT.PL-PL-ERG,noun
pabanni,paba+ni,Berg,.ABS,noun
pabanni,paba+ni-ne-e,Berg,RELAT.SG-DIR/LOC,noun
pabanniž,paba+ni-ne-ž,Berg,RELAT.SG-ERG,noun
pabni,pab+ni,Berg,.ABS,noun
pabni,paba+ni,Berg,.ABS,noun
pabāni,paba+ni,Berg,.ABS,noun
padni,padn-i,u.B.,ANTIP,verb
padni,padn-i,u.B.,TR.IMP,verb
padni,padni,u.B.,.ABS,noun
pagammuž,pag+a+mme-ož,u.B.,EQU,noun
paibiblan,Paib.Ebla=an,PN,.ABS=CON,noun
paibiblan,Paib.Ebla=n,PN,.ABS=3SG.ABS,noun
paibiblaž,Paib.Ebla-ž,PN,ERG,noun
pailianež,pa+ilia-ne-ž,gebaut,RELAT.SG-ERG,ADJ
paini,pāini,Tamariske?,.ABS,noun
painibanel,paini-v-a-ne=l,u.B.,2POSS.SG-EPNTH-ABL/INS=3PL.ABS,noun
pairibuwi,pa+i+re-iffu-ve,Erbauer,1POSS.SG-GEN,noun
pairima,pa+i+re-i=ma,Erbauer,3POSS.SG.ABS=CON,noun
palaġa,pal-aġ-a,kennen; wissen,aġ-3A.SG,verb
palaġa,pal-aġ-a,kennen; wissen,aġ-INT,verb
palaġa,pal-aʾ-a,kennen; wissen,aʾ-3A.SG,verb
palaġa,pal-aʾ-a,kennen; wissen,aʾ-INT,verb
palaġa,pal-aḫḫ-a,kennen; wissen,aḫḫ-3A.SG,verb
palaġa,pal-aḫḫ-a,kennen; wissen,aḫḫ-INT,verb
palaġa,palaġi-a,u.B.,ESS,noun
palaġa,palaʾe-a,u.B.,ESS,noun
palaġa,palaḫḫi-a,u.B.,ESS,noun
palia,pal-i-a,kennen; wissen,TR-3A.SG,verb
paliu,pal-i-o,kennen; wissen,TR-2A.SG,verb
pandani,fand+a+ni,"recht, rechte Seite",.ABS,noun
pandari,fand-ar-i,recht sein; richtig sein,ITER-ANTIP,verb
pandari,pand+ar+i,u.B.,.ABS,noun
pandarinna,fand+ar+i+nni-a,Koch,ESS,noun
pandiažal,fandi-i-až-a=l,"recht, rechte Seite",3POSS-PL-DAT/ESS=3PL.ABS,noun
pandiažal,pandi-i-až-a=l,u.B.,3POSS-PL-DAT/ESS=3PL.ABS,noun
pannira,panniri-a,u.B.,ESS,noun
paria,par-i-a,anlocken?,TR-3A.SG,verb
paria,pār-i-a,u.B.,TR-3A.SG,verb
paria,pāri-i-a,u.B.,3POSS.SG-ESS,noun
parissade,pariss+ade,ein halbes Kor,.ABS,noun
paruž,pari-ož,Stirnlocke?,EQU,noun
parzīga,parzīgi-a,u.B.,ESS,noun
parġida,parġi-da,Hof,DIR,noun
parġida,parġi-i-da,Hof,3POSS.SG-DIR,noun
passa,passi-a,u.B.,ESS,noun
passūwa,pass-u-a,u.B.,MED-3A.SG,verb
patteni,patte-ne,u.B.,ABL/INS,noun
patteni,patte-ne-e,u.B.,RELAT.SG-DIR/LOC,noun
paġandarri,paġ+and+ar+i-ne,u.B.,ABL/INS,noun
paġandarri,paġ+and+ar+i-ne-e,u.B.,RELAT.SG-DIR/LOC,noun
paġedab,pāġ-ed-aw,zerstören,FUT-1A.SG,verb
paġli,paġ+li,u.B.,.ABS,noun
paġmi,paġmi,u.B.,.ABS,noun
paġra,faġri-a,gut; Gutes,ESS,noun
paġrubādi,faġr+o+vāde,ungut,.ABS,ADJ
paġruž,faġr-o-ež,gut sein; gut machen,MOD.PAT-OPT,verb
paġruž,faġri-ož,gut; Gutes,EQU,noun
paġruže,faġr+o+že,gut; schön,.ABS,ADJ
paġruži,faġr+o+že,gut; schön,.ABS,ADJ
paġrōžina,faġr+o+že-na,gut; schön,RELAT.PL.ABS,ADJ
paġēda,pāġ-ed-a,zerstören,FUT-3A.SG,verb
paīnninibuž,paīnni-ne-ve-ož,u.B.,RELAT.SG-GEN-EQU,noun
paššarugāra,pašš+ar+ugār+i-a,u.B.,ESS,noun
paššarugāra,pašš-ar-ugar-a,schicken,ITER-RECIP-3A.SG,verb
paššarugāra,pašš-ar-ugar-a,schicken,ITER-RECIP-INT,verb
paššinamma,pašši-na=mma,u.B.,RELAT.PL.ABS=2SG.ABS,noun
paššitḫa,pāšš+i+tḫe-a,Gesandter; Bote,ESS,noun
paššitḫi,pāšš+i+tḫe,Gesandter; Bote,.ABS,noun
paššiġiani,pašš+i+ġe-i-ane,Sendung?,3POSS.SG-ABL/INS,noun
paži,fāži,Mund,.ABS,noun
pažāe,pāži-ae,u.B.,INS,noun
pažēda,faž-ed-a,eintreten; hineinbringen,FUT-3A.SG,verb
paḫḫirāžuž,paġari-na-až-ož,u.B.,RELAT.PL-PL-ERG,noun
paḫḫirāžuž,paḫḫiri-na-až-ož,u.B.,RELAT.PL-PL-ERG,noun
pella,pili-na,u.B.,RELAT.PL.ABS,noun
pella,pille-a,Kanal,ESS,noun
pellēni,pille-ne-e,Kanal,RELAT.SG-DIR/LOC,noun
penda,pend-a,zurückkehren; zurückbringen,INT,verb
pendidu,pend-id-o,zurückkehren; zurückbringen,PL.A-TR.PFV,verb
pendiža,pend-iž-a,zurückkehren; zurückbringen,iž-3A.SG,verb
pendu,pen-d-o,hochheben,d-2A.SG,verb
pendu,pen-d-o,hochheben,d-MOD.PAT,verb
pendu,pen-d-o,u.B.,d-2A.SG,verb
pendu,pen-d-o,u.B.,d-MOD.PAT,verb
pendu,pen-d-u,hochheben,d-MED,verb
pendu,pen-d-u,u.B.,d-MED,verb
pendu,pen-id-o,hochheben,PL.A-TR.PFV,verb
pendu,pen-id-o,u.B.,PL.A-TR.PFV,verb
pendu,pend-o,zurückkehren; zurückbringen,MOD.PAT,verb
pendu,pend-u,zurückkehren; zurückbringen,MED,verb
pendukku,pend-o-kko,zurückkehren; zurückbringen,INT-NEG,verb
pendōvalla,pend-u-a=lla,zurückkehren; zurückbringen,MED-3A.SG=3PL.ABS,verb
pendūġa,pend-oġ-a,zurückkehren; zurückbringen,oġ-INT.IMP,verb
piari,pīari,u.B.,.ABS,noun
pidarifaša,ped+ar+i-v-až-a,Rind,2POSS-PL-DAT/ESS,noun
pidia,pid-i-a,u.B.,TR-3A.SG,verb
pidia,pīdi-i-a,u.B.,3POSS.SG-ESS,noun
piduffa,pid+uff-a,sich drehen,INT,verb
piduġu,pīd+uġ-o,u.B.,MOD.PAT,verb
piduġu,pīd+uġ-u,u.B.,MED,verb
piduššida,pid+o+šše-da,u.B.,DIR,noun
piduššida,pid+o+šše-i-da,u.B.,3POSS.SG-DIR,noun
piga,pig-a,u.B.,INT,verb
piga,pigi-a,u.B.,ESS,noun
pilla,pili-na,u.B.,RELAT.PL.ABS,noun
pilla,pille-a,Kanal,ESS,noun
pillanēva,pilla-ne-va,Kanal,RELAT.SG-DAT,noun
pillēni,pille-ne-e,Kanal,RELAT.SG-DIR/LOC,noun
pilāġižiliġa,pil+āġ+i+šše+li+ġe-a,Spinnereiarbeit,ESS,noun
pindab,pend-a-b,zurückkehren; zurückbringen,INT-b,verb
pindaianni,pindaia+ni-ne,u.B.,ABL/INS,noun
pindaianni,pindaia+ni-ne-e,u.B.,RELAT.SG-DIR/LOC,noun
pindaianni,pindaia+nni,u.B.,.ABS,noun
pindaulda,pend-aʾ-ol-d-a,zurückkehren; zurückbringen,aʾ-ol-PL.A-3A,verb
pindilivaž,pend-i-l-eva-ž,zurückkehren; zurückbringen,MOD.AG-l-POT-ž,verb
pindun,pend-o=n,zurückkehren; zurückbringen,MOD.PAT=3SG.ABS,verb
pindōli,pend-ol-i,zurückkehren; zurückbringen,ol-ANTIP,verb
pirida,pir-ed-a,u.B.,FUT-3A.SG,verb
pirida,piri-da,u.B.,DIR,noun
pirida,piri-i-da,u.B.,3POSS.SG-DIR,noun
pirrib,piri-ne-e=v,u.B.,RELAT.SG-DIR/LOC=2PL.ABS,noun
pirrib,piri-ne=v,u.B.,ABL/INS=2PL.ABS,noun
pirrib,pirr-i-b,u.B.,ANTIP-b,verb
pirrib,pirr-i=v,u.B.,ANTIP=2PL.ABS,verb
pirrib,pirr-i=v,u.B.,TR.IMP=2PL.ABS,verb
pirrib,pirri-v,u.B.,2POSS.SG.ABS,noun
pirugāra,pir+ugāri-a,u.B.,ESS,noun
pirugāra,pir-ugar-a,u.B.,RECIP-3A.SG,verb
pirugāra,pir-ugar-a,u.B.,RECIP-INT,verb
pirundōġa,pirund+ō+ġe-a,GN?,ESS,noun
pitkira,pitkiri-a,u.B.,ESS,noun
pittugalliaž,pittugalli-i-až,u.B.,3POSS-PL.ABS,noun
pizigarra,Pizigarra,PN,.ABS,noun
pizigarraž,Pizigarra-ž,PN,ERG,noun
piġida,piġi-da,u.B.,DIR,noun
piġida,piġi-i-da,u.B.,3POSS.SG-DIR,noun
piġīe,piġ-i-en,u.B.,MOD.AG-3JUSS,verb
piġīe,piġi-i-e,u.B.,3POSS.SG-DIR/LOC,noun
pišḫi,pišḫ-i,u.B.,ANTIP,verb
pišḫi,pišḫ-i,u.B.,TR.IMP,verb
pišḫi,pišḫi,u.B.,.ABS,noun
pižešḫum,piž+ešḫ-o-m,ausspeien,TR.PFV-3A.SG,verb
pižirri,pižiri-ne,u.B.,ABL/INS,noun
pižirri,pižiri-ne-e,u.B.,RELAT.SG-DIR/LOC,noun
pižāišpānel,Pižāiš.pā-ne=l,GN,ABL/INS=3PL.ABS,noun
pudulimašši,fud+ol+i+m+a+šše,u.B.,.ABS,noun
pudulimāšši,fud+ol+i+m+a+šše,u.B.,.ABS,noun
pudulināi,fud+ol+i+ni-ae,u.B.,INS,noun
pudulināi,fud-ul-in-i-ae,"waschen, reinigen",ul-in-MOD.AG-PURP,verb
puduž,fud-o-ež,"waschen, reinigen",MOD.PAT-OPT,verb
pudūlimaššinama,fud+ol+i+m+a+šše-na=ma,u.B.,RELAT.PL.ABS=CON,noun
pudūlimaššinaža,fud+ol+i+m+a+šše-na-až-a,u.B.,RELAT.PL-PL-DAT/ESS,noun
pudūrež,fud-o-re-i-ž,"waschen, reinigen",PAT-PTCP-3POSS.SG-ERG,verb
pudūrež,fud-ō-re-ž,"waschen, reinigen",PAT-PTCP-ERG,verb
pudūri,fud-ō-re,"waschen, reinigen",PAT-PTCP.ABS,verb
puenāžuž,powe-na-až-ož,u.B.,RELAT.PL-PL-ERG,noun
puglāla,fogl-al-a,versammeln,al-3A.SG,verb
puglāla,fogl-al-a,versammeln,al-INT,verb
pugulba,fogl-b-a,versammeln,b-INT,verb
pugulba,pugulbi-a,u.B.,ESS,noun
pulidibāe,pul+idi-ve-ae,u.B.,GEN-INS,noun
pullež,poli-ne-ž,u.B.,RELAT.SG-ERG,noun
pullibāe,poli-ne-ve-ae,u.B.,RELAT.SG-GEN-INS,noun
pulliž,puli-ne-ž,u.B.,RELAT.SG-ERG,noun
purallinninažal,fōr+all+i+nni-na-až-a=l,Opferschauer,RELAT.PL-PL-DAT/ESS=3PL.ABS,noun
puramdi,Purandi,GN,.ABS,noun
purammib,pura+mmi-v,Sklave; Diener,2POSS.SG.ABS,noun
purammippuwan,pura+mmi-iffu-va=an,Sklave; Diener,1POSS.SG-DAT=CON,noun
purammippuwan,pura+mmi-iffu-va=n,Sklave; Diener,1POSS.SG-DAT=3SG.ABS,noun
purandi,Purandi,GN,.ABS,noun
purandinel,Purandi-ne-ž=l,GN,RELAT.SG-ERG=3PL.ABS,noun
puranzipḫināža,Puranziḫ-ve-na-až-a,GN,GEN-RELAT.PL-PL-DAT/ESS,noun
purburnīe,pur+bur+ni-e,u.B.,3POSS.SG.ABS,noun
purburnīe,pur+bur+ni-i-e,u.B.,3POSS.SG-DIR/LOC,noun
purran,Purra=n,PN,.ABS=3SG.ABS,noun
purranna,Purra-nna,PN,EQU2,noun
purranna,Purra=nna,PN,.ABS=3SG.ABS,noun
purrābi,Purra-ve,PN,GEN,noun
purrāvi,Purra-ve,PN,GEN,noun
purrēnni,pur+i+rē+nni,u.B.,.ABS,noun
purullibi,fōroli-ne-ve,Tempel,RELAT.SG-GEN,noun
pussa,puss-a,u.B.,INT,verb
pussa,pussi-a,u.B.,ESS,noun
putki,fut+ki,Sohn,.ABS,noun
putkina,fut+ki-na,Sohn,RELAT.PL.ABS,noun
putkīda,fut+ki-da,Sohn,DIR,noun
puttiġiž,put+t+i+ġe-i-ž,u.B.,3POSS.SG-ERG,noun
puttiġiž,put+t+i+ġe-ž,u.B.,ERG,noun
puweni,powe-ne,u.B.,ABL/INS,noun
puweni,powe-ne-e,u.B.,RELAT.SG-DIR/LOC,noun
puġuiridama,puġuiri-da=ma,u.B.,DIR=CON,noun
puġuiridama,puġuiri-i-da=ma,u.B.,3POSS.SG-DIR=CON,noun
pušši,pušši,u.B.,.ABS,noun
puššinni,pošš+i+nni,u.B.,.ABS,noun
puššinni,pōšši-nni,u.B.,ASS,noun
pābanna,paba+ni-na,Berg,RELAT.PL.ABS,noun
pābanni,paba+ni,Berg,.ABS,noun
pābanni,paba+ni-ne,Berg,ABL/INS,noun
pābanni,paba+ni-ne-e,Berg,RELAT.SG-DIR/LOC,noun
pābannāže,paba+ni-na-až-ve,Berg,RELAT.PL-PL-GEN,noun
pābelġa,Pābel+ġe-a,GN,ESS,noun
pāenib,pāeni-v,u.B.,2POSS.SG.ABS,noun
pāenippa,pāeni-v-va,u.B.,2POSS.SG-DAT,noun
pāenippa,pāeni-v=ma,u.B.,2POSS.SG.ABS=CON,noun
pāinnia,paini-ne-va,u.B.,RELAT.SG-DAT,noun
pāinnia,pā+i+nni-i-a,u.B.,3POSS.SG-ESS,noun
pāinniž,paini-ne-ž,u.B.,RELAT.SG-ERG,noun
pāinniž,pā+i+nni-i-ž,u.B.,3POSS.SG-ERG,noun
pāinniž,pā+i+nni-ž,u.B.,ERG,noun
pāirra,pāiri-na,u.B.,RELAT.PL.ABS,noun
pālikkamma,pal-i-kki=mma,kennen; wissen,ANTIP-NEG=2SG.ABS,verb
pāliu,pal-i-o,kennen; wissen,TR-2A.SG,verb
pāliw,pal-i-o,kennen; wissen,TR-2A.SG,verb
pālukku,pal-o-kko,kennen; wissen,INT-NEG,verb
pālā,pal-a,kennen; wissen,INT,verb
pālā,pāli-a,falsch,ESS,noun
pālī,pāli,falsch,.ABS,noun
pāndib,fandi-v,"recht, rechte Seite",2POSS.SG.ABS,noun
pāra,pār-a,u.B.,INT,verb
pāra,pāri-a,u.B.,ESS,noun
pārellandin,pār-ill-and-i-n,u.B.,ill-PL.A-MOD.AG-n,verb
pārellandin,pār-ill-and-i=n,u.B.,ill-PL.A-MOD.AG=3SG.ABS,verb
pārendūž,pār-ind-o-ež,u.B.,PL.A-MOD.AG-OPT,verb
pārgiaž,pārgi-i-až,u.B.,3POSS-PL.ABS,noun
pāri,pār-i,u.B.,ANTIP,verb
pāri,pāri,u.B.,.ABS,noun
pārila,pārili-a,Ärgernis; Verfehlung,ESS,noun
pārili,pārili,Ärgernis; Verfehlung,.ABS,noun
pārilāi,pārili-ae,Ärgernis; Verfehlung,INS,noun
pārinduž,par-ind-o-ež,anlocken?,PL.A-MOD.PAT-OPT,verb
pārirunni,pār+i+r+o+ni-ne,u.B.,ABL/INS,noun
pārirunni,pār+i+r+o+ni-ne-e,u.B.,RELAT.SG-DIR/LOC,noun
pārirunni,pār+i+r+o+nni,u.B.,.ABS,noun
pārizinivinama,pārizi-ne-ve-na=ma,ein halbes Kor,RELAT.SG-GEN-RELAT.PL.ABS=CON,noun
pāriža,pār+i+že-a,u.B.,ESS,noun
pāriža,pār-iž-a,losgehen; einziehen,iž-3A.SG,verb
pāriža,pār-iž-a,losgehen; einziehen,iž-INT,verb
pāriža,pār-iž-a,losgehen; einziehen,iž-INT.IMP,verb
pāriženna,pār+i+že-i-nna,u.B.,3POSS.SG-EQU2,noun
pāriženna,pāriže-nna,u.B.,EQU2,noun
pāru,pār-u,losgehen; einziehen,MED,verb
pārīžanna,pār-iž-a=nna,losgehen; einziehen,iž-INT=3SG.ABS,verb
pāttarribi,pāttari-ne-ve,u.B.,RELAT.SG-GEN,noun
pāttarrēda,pāttari-ne-da,u.B.,RELAT.SG-DIR,noun
pātte,patte,u.B.,.ABS,noun
pāttini,patte-ne,u.B.,ABL/INS,noun
pāttini,patte-ne-e,u.B.,RELAT.SG-DIR/LOC,noun
pāttīvorriva,pāttīvori-ne-va,u.B.,RELAT.SG-DAT,noun
pāġana,pāġani-a,u.B.,ESS,noun
pāġi,pāġi,Kopf,.ABS,noun
pāġiaža,pāġi-i-až-a,Kopf,3POSS-PL-DAT/ESS,noun
pāġib,pāġi-v,Kopf,2POSS.SG.ABS,noun
pāġiba,pāġi-i-va,Kopf,3POSS.SG-DAT,noun
pāġiba,pāġi-va,Kopf,DAT,noun
pāġida,pāġ-ed-a,zerstören,FUT-3A.SG,verb
pāġida,pāġi-da,Kopf,DIR,noun
pāġida,pāġi-i-da,Kopf,3POSS.SG-DIR,noun
pāġidi,pāġ-id-en,zerstören,PL.A-3JUSS,verb
pāġidō,pāġ-ed-aw,zerstören,FUT-1A.SG,verb
pāġilāena,pāġilāe-na,u.B.,RELAT.PL.ABS,noun
pāġiž,paġi-ž,u.B.,ERG,noun
pāġiž,pāġ-i-ež,zerstören,MOD.AG-OPT,verb
pāġružini,faġr+o+že-ne-e,gut; schön,RELAT.SG-DIR/LOC,ADJ
pāġrōža,faġr+o+že-a,gut; schön,ESS,ADJ
pāġrōži,faġr+o+že,gut; schön,.ABS,ADJ
pāġrōžinež,faġr+o+že-ne-ž,gut; schön,RELAT.SG-ERG,ADJ
pāġēda,pāġ-ed-a,zerstören,FUT-3A.SG,verb
pāġīda,pāġi-i-da,Kopf,3POSS.SG-DIR,noun
pāġōža,pāġ-ož-a,zerstören,PST-3A.SG,verb
pāġūma,pāġ-u=ma,zerstören,MED=CON,verb
pāīnnia,paini-ne-va,u.B.,RELAT.SG-DAT,noun
pāīnnia,pā+i+nni-i-a,u.B.,3POSS.SG-ESS,noun
pāštōm,pā-ašt-o-m,bauen,RES-TR.PFV-3A.SG,verb
pāššaḫḫi,pāšš+aḫḫ+i,Bote?,.ABS,noun
pāššitḫād,pāšš+i+tḫe-a=d,Gesandter; Bote,ESS=1SG.ABS,noun
pāššitḫād,pāšš+i+tḫe=d,Gesandter; Bote,.ABS=1SG.ABS,noun
pāžanae,fāžani-ae,Monat,INS,noun
pāžannel,fāžani-ne-e=l,Monat,RELAT.SG-DIR/LOC=3PL.ABS,noun
pāžannel,fāžani-ne-ž=l,Monat,RELAT.SG-ERG=3PL.ABS,noun
pāžannel,fāžani-ne=l,Monat,ABL/INS=3PL.ABS,noun
pāžannel,pāž+a+nni-i=l,u.B.,3POSS.SG.ABS=3PL.ABS,noun
pāžannel,pāž+a+nni-ž=l,u.B.,ERG=3PL.ABS,noun
pāžanāe,fāžani-ae,Monat,INS,noun
pāži,fāži,Mund,.ABS,noun
pāži,fāži-i,Mund,3POSS.SG.ABS,noun
pāži,pāži,Mund,.ABS,noun
pāžia,faž-i-a,eintreten; hineinbringen,TR-3A.SG,verb
pāžia,fāži-i-a,Mund,3POSS.SG-ESS,noun
pāžia,pāži-i-a,u.B.,3POSS.SG-ESS,noun
pāžib,fāži-v,Mund,2POSS.SG.ABS,noun
pāžiba,fāži-i-va,Mund,3POSS.SG-DAT,noun
pāžiba,fāži-va,Mund,DAT,noun
pāžiba,pāži-i-va,Mund,3POSS.SG-DAT,noun
pāžiba,pāži-va,Mund,DAT,noun
pāžida,fāži-da,Mund,DIR,noun
pāžida,fāži-i-da,Mund,3POSS.SG-DIR,noun
pāžidu,faž-id-o,eintreten; hineinbringen,PL.A-TR.PFV,verb
pāžinida,pāži-ne-da,u.B.,RELAT.SG-DIR,noun
pāžēni,pāži-e-ne,u.B.,3POSS.SG-ABL/INS,noun
pāžēni,pāžē-ne,u.B.,ABL/INS,noun
pāžēni,pāžē-ne-e,u.B.,RELAT.SG-DIR/LOC,noun
pēbi,fē-ve,2PRON,GEN,PRON
pēdarriž,ped+ar+i-ne-ž,Rind,RELAT.SG-ERG,noun
pēdaruž,ped+ar+i-ož,Rind,EQU,noun
pēduġa,pēd+uġ-a,drehen; zurückwenden; zurückgeben,INT,verb
pēduġa,pēd+uġ-a,drehen; zurückwenden; zurückgeben,INT.IMP,verb
pēdāri,ped+ar+i,Rind,.ABS,noun
pēdāruž,ped+ar+i-ož,Rind,EQU,noun
pēnānuž,pen-an-o-ež,hochheben,an-MOD.PAT-OPT,verb
pērġuba,pērġubi-a,u.B.,ESS,noun
pērġēna,Pēri-ġe-na,GN,ADJ-RELAT.PL.ABS,noun
pērġēna,Pērġēna,GN,.ABS,noun
pērġēna,Pērġēni-a,GN,ESS,noun
pēġi,pēġ-i,u.B.,ANTIP,verb
pēġi,pēġ-i,u.B.,TR.IMP,verb
pēġi,pēġi,u.B.,.ABS,noun
pēġulaballa,pēġ-ol-a-b-a=lla,u.B.,ol-INT-b-EPNTH=3PL.ABS,verb
pēġulaballa,pēġulabi-a=lla,u.B.,ESS=3PL.ABS,noun
pēšša,fē-ž=nna,2PRON,ERG=3SG.ABS,PRON
pēž,fē-ž,2PRON,ERG,PRON
pēža,fē-ž-a,2PRON,PL-DAT/ESS,PRON
pēžanum,pēž-an-o-m,u.B.,an-TR.PFV-3A.SG,verb
pīarida,pīar-id-a,u.B.,PL.A-3A,verb
pīarida,pīari-da,u.B.,DIR,noun
pīarida,pīari-i-da,u.B.,3POSS.SG-DIR,noun
pīdia,pid-i-a,u.B.,TR-3A.SG,verb
pīdia,pīdi-i-a,u.B.,3POSS.SG-ESS,noun
pōenažuž,powe-na-až-ož,u.B.,RELAT.PL-PL-ERG,noun
pōenibi,powe-ne-ve,u.B.,RELAT.SG-GEN,noun
pōenāžuž,powe-na-až-ož,u.B.,RELAT.PL-PL-ERG,noun
pōllež,poli-ne-ž,u.B.,RELAT.SG-ERG,noun
pōnġib,pōnġi-v,Nase,2POSS.SG.ABS,noun
pōrallininešša,fōr+all+i+nni,Opferschauer,.ABS,noun
pōrallininešša,fōr+all+i+nni-ne-ž=nna,Opferschauer,RELAT.SG-ERG=3SG.ABS,noun
pōrallininešša,nešši-a,Gabe,ESS,noun
pōrallininešša,pōrali-ne-ne,u.B.,RELAT.SG-ABL/INS,noun
pōrallininešša,pōralli-ne,u.B.,ABL/INS,noun
pōrallininešša,pōralli-ne-e,u.B.,RELAT.SG-DIR/LOC,noun
pōranadeniba,Pōranade-ne-va,GN,RELAT.SG-DAT,noun
pōri,for-i,sehen,ANTIP,verb
pōriba,fōri-i-va,Blick,3POSS.SG-DAT,noun
pōriba,fōri-va,Blick,DAT,noun
pōrida,fōri-da,Blick,DIR,noun
pōrida,fōri-i-da,Blick,3POSS.SG-DIR,noun
pōridāi,pōr+idi-ae,u.B.,INS,noun
pōrulli,fōroli-ne,Tempel,ABL/INS,noun
pōrulli,fōroli-ne-e,Tempel,RELAT.SG-DIR/LOC,noun
pōrullibina,fōroli-ne-ve-na,Tempel,RELAT.SG-GEN-RELAT.PL.ABS,noun
pōrullin,fōroli-ne-n,Tempel,RELAT.SG-ABL/INS,noun
pōruštugariža,for-ošt-ugar-iž-a,sehen,RES-RECIP-iž-3A.SG,verb
pōssu,pōss-o,u.B.,MOD.PAT,verb
pōssu,pōss-u,u.B.,MED,verb
pōšši,pōšši,u.B.,.ABS,noun
pōššib,pōšši-v,u.B.,2POSS.SG.ABS,noun
pūdangāi,pūd+ang-i-ae,ankündigen,MOD.AG-PURP,verb
pūdu,fud-o,"waschen, reinigen",MOD.PAT,verb
pūdu,fud-u,"waschen, reinigen",MED,verb
pūduri,fud-ō-re,"waschen, reinigen",PAT-PTCP.ABS,verb
pūru,fūr-u,sehen?,MED,verb
pūrudum,for-ud-o-m,sehen,NEG-TR.PFV-3A.SG,verb
pūrānadi,Pūrānadi,GN,.ABS,noun
pūtki,fut+ki,Sohn,.ABS,noun
pūziġub,pūz+iġ-o-m,eintauchen,TR.PFV-3A.SG,verb
pūziġum,pūz+iġ-o-m,eintauchen,TR.PFV-3A.SG,verb
sabalgina,sabal+gi-na,u.B.,RELAT.PL.ABS,noun
sabalgāi,sabal+gi-ae,u.B.,INS,noun
sabarri,sabari-ne,u.B.,ABL/INS,noun
sabarri,sabari-ne-e,u.B.,RELAT.SG-DIR/LOC,noun
sablašši,sabl+a+šše,u.B.,.ABS,noun
sablungi,sabl+ung+i,u.B.,.ABS,noun
sablōža,sabl-ož-a,u.B.,PST-3A.SG,verb
sablōžu,sabl-ož-o,u.B.,PST-2A.SG,verb
sabri,sabri,böse,.ABS,noun
sakkandi,sakkandi,u.B.,.ABS,noun
salaštu,sal-ašt-o,u.B.,RES-2A.SG,verb
salaštu,sal-ašt-o,u.B.,RES-MOD.PAT,verb
salaštu,sal-ašt-u,u.B.,RES-MED,verb
salma,salmi=ma,Bild; Statue,.ABS=2SG.ABS,noun
salma,salmi=ma,Bild; Statue,.ABS=CON,noun
sammalaštuž,samm+al-ašt-o-ež,abreißen,RES-MOD.PAT-OPT,verb
sangandi,sangandi,u.B.,.ABS,noun
sanzāmi,sanzāmi,u.B.,.ABS,noun
sarmadenin,Sarmade-ne-n,GN,RELAT.SG-ABL/INS,noun
sassinīe,sassi+ni-e,u.B.,3POSS.SG.ABS,noun
sassinīe,sassi+ni-i-e,u.B.,3POSS.SG-DIR/LOC,noun
sassinīe,sassi-ne-e,u.B.,RELAT.SG-DIR/LOC,noun
savāldum,sav-al-d-o-m,u.B.,al-d-TR.PFV-3A.SG,verb
sazulda,saz+ul+di-a,u.B.,ESS,noun
sazulda,sāz-ol-d-a,verköstigen,ol-PL.A-3A,verb
sažra,sažri-a,u.B.,ESS,noun
saḫḫā,saḫḫi-a,Bandwurmfinne,ESS,noun
selmi,selmi,u.B.,.ABS,noun
serrēnež,serrē-ne-ž,Esel,RELAT.SG-ERG,noun
sibariba,sib+ar+i-i-va,u.B.,3POSS.SG-DAT,noun
sibariba,sib+ar+i-va,u.B.,DAT,noun
sibi,sib-i,u.B.,ANTIP,verb
sibi,sibi,u.B.,.ABS,noun
sigaldi,sig+al-d-i,u.B.,d-ANTIP,verb
sigaldi,sigaldi,u.B.,.ABS,noun
sigalduži,sig+al-d-ož-i,u.B.,d-PST-ANTIP,verb
sigalduži,sigald+o+že,u.B.,.ABS,noun
sigarullinež,sig+ar+ulli-ne-ž,u.B.,RELAT.SG-ERG,noun
sigrōšḫinenna,sigr+ō+šḫe-ne-e=nna,u.B.,RELAT.SG-DIR/LOC=3SG.ABS,noun
sigrōšḫinenna,sigr+ō+šḫe-ne-nna,u.B.,RELAT.SG-EQU2,noun
sigrōšḫinenna,sigr+ō+šḫe-ne=nna,u.B.,ABL/INS=3SG.ABS,noun
sikkulli,sikk-ulli,zerbrechen,ulli,verb
sikkōġa,sikk+o+ġe-a,zerbrochen,ESS,noun
sikkōġa,sikk-oġ-a,zerbrechen,oġ-3A.SG,verb
sikkōġa,sikk-oġ-a,zerbrechen,oġ-INT,verb
sikkūlli,sikk-ulli,zerbrechen,ulli,verb
silmanidab,silm+an-ed-aw,zerbrechen,FUT-1A.SG,verb
simidada,simidadi-a,u.B.,ESS,noun
simidadinež,simidadi-ne-ž,u.B.,RELAT.SG-ERG,noun
simidaduž,simidadi-ož,u.B.,EQU,noun
simminie,simmi-ne,u.B.,ABL/INS,noun
simminie,simmi-ne-e,u.B.,RELAT.SG-DIR/LOC,noun
simminie,simmi-ne-ve,u.B.,RELAT.SG-GEN,noun
sipsiḫḫatta,sips+i+ḫḫe-a=tta,u.B.,ESS=1SG.ABS,noun
sissōm,siss-o-m,u.B.,TR.PFV-3A.SG,verb
sitkab,sitk-a-b,u.B.,INT-b,verb
subitta,sub-ed-d-a,u.B.,FUT-PL.A-3A,verb
subitta,subitti-a,u.B.,ESS,noun
subnīa,subn-i-a,u.B.,TR-3A.SG,verb
subnīa,subni-i-a,u.B.,3POSS.SG-ESS,noun
sugazūganišša,suga+zūg-an-i-šše-a,u.B.,an-ANTIP-NMLZ-ESS,verb
sugazūganišša,suga+zūga+ni+šše-a,u.B.,ESS,noun
sugazūganišša,suga+zūga+ni-ž=nna,u.B.,ERG=3SG.ABS,noun
sugmuštab,sugm-ušt-a-b,hereinkommen,RES-INT-b,verb
suguġēda,sug-oġ-ed-a,u.B.,oġ-FUT-3A.SG,verb
sukki,sukk-i,u.B.,ANTIP,verb
sukki,sukk-i,u.B.,TR.IMP,verb
sukki,sukki,u.B.,.ABS,noun
sulgi,sul+gi,Bindung?,.ABS,noun
suludulub,sul+ud-ol-o-m,lösen,ol-TR.PFV-3A.SG,verb
sulōdōēn,sul+ud-o-en,lösen,MOD.PAT-3JUSS,verb
sulōženie,sul+ō+že-ne,u.B.,ABL/INS,noun
sulōženie,sul+ō+že-ne-e,u.B.,RELAT.SG-DIR/LOC,noun
sulōženie,sul+ō+že-ne-ve,u.B.,RELAT.SG-GEN,noun
sulūda,sul+ud-a,lösen,INT,verb
sumġar,sumġar,u.B.,.ABS,noun
suppini,suppi-ne,u.B.,ABL/INS,noun
suppini,suppi-ne-e,u.B.,RELAT.SG-DIR/LOC,noun
suppinibinin,suppi-ne-ve-ne-n,u.B.,RELAT.SG-GEN-RELAT.SG-ABL/INS,noun
surgi,surgi,Blut(tat),.ABS,noun
surungi,sur+ung+i,u.B.,.ABS,noun
suruški,sur+u+ški,u.B.,.ABS,noun
surōža,sur-ož-a,u.B.,PST-3A.SG,verb
suwadatte,suv+ad+atte,ein Viertel Kor,.ABS,noun
suwaḫḫu,Suwaḫḫu,GN,.ABS,noun
suzumagiani,suzumagi-i-ane,u.B.,3POSS.SG-ABL/INS,noun
suzōnni,suss+ō+nni,u.B.,.ABS,noun
suġižalli,suġižali-ne,u.B.,ABL/INS,noun
suġižalli,suġižali-ne-e,u.B.,RELAT.SG-DIR/LOC,noun
suġižalli,suġižalli,u.B.,.ABS,noun
suġri,suġri,Gras,.ABS,noun
suḫḫinie,suḫḫi-ne,u.B.,ABL/INS,noun
suḫḫinie,suḫḫi-ne-e,u.B.,RELAT.SG-DIR/LOC,noun
sāllava,sāllavi-a,u.B.,ESS,noun
sālī,sal-i,u.B.,ANTIP,verb
sālī,sāli-i,u.B.,3POSS.SG.ABS,noun
sālī,sālī,u.B.,.ABS,noun
sāssari,sāss+ar+i,u.B.,.ABS,noun
sāzallaž,Sāzalla-ž,PN,ERG,noun
sāzin,sāz-i-en,u.B.,MOD.AG-3JUSS,verb
sāzin,sāz-i-en,verköstigen,MOD.AG-3JUSS,verb
sāzin,sāz-i=n,u.B.,ANTIP=3SG.ABS,verb
sāzin,sāz-i=n,u.B.,ANTIP=CON,verb
sāzin,sāz-i=n,u.B.,TR.IMP=3SG.ABS,verb
sāzin,sāz-i=n,u.B.,TR.IMP=CON,verb
sāzin,sāz-i=n,verköstigen,ANTIP=3SG.ABS,verb
sāzin,sāz-i=n,verköstigen,ANTIP=CON,verb
sāzin,sāz-i=n,verköstigen,TR.IMP=3SG.ABS,verb
sāzin,sāz-i=n,verköstigen,TR.IMP=CON,verb
sāzin,sāzi-n,u.B.,ABL/INS,noun
sāzin,sāzi=n,u.B.,.ABS=3SG.ABS,noun
sāzin,sāzi=n,u.B.,.ABS=CON,noun
sāzulilida,sāz-ol-il-ed-a,verköstigen,ol-il-FUT-3A.SG,verb
sāzulōšteri,sāz-ol-ošt-i-re,verköstigen,ol-RES-AG-PTCP,verb
sāzōlušteri,sāz-ol-ošt-i-re,verköstigen,ol-RES-AG-PTCP,verb
sāžulia,sāz-ol-i-a,verköstigen,ol-TR-3A.SG,verb
sāžulōža,sāz-ol-ož-a,verköstigen,ol-PST-3A.SG,verb
sēze,sēze,Brust?,.ABS,noun
sēži,sēži,u.B.,.ABS,noun
sīani,si-i-ane,u.B.,3POSS.SG-ABL/INS,noun
sīgila,sīg-il-a,u.B.,il-3A.SG,verb
sīgila,sīg-il-a,u.B.,il-INT,verb
sīgila,sīgili-a,u.B.,ESS,noun
sītkūli,sitk-ol-i,u.B.,ol-ANTIP,verb
sōbinēra,sōbi-ne-ra,u.B.,RELAT.SG-COM,noun
sōbāra,sōbāri-a,u.B.,ESS,noun
sōnni,sōni-ne,u.B.,ABL/INS,noun
sōnni,sōni-ne-e,u.B.,RELAT.SG-DIR/LOC,noun
sōpḫōra,sōpḫōri-a,u.B.,ESS,noun
sōrōžu,sōr-ož-o,u.B.,PST-2A.SG,verb
sōveni,sōve-ne,u.B.,ABL/INS,noun
sōveni,sōve-ne-e,u.B.,RELAT.SG-DIR/LOC,noun
sōīb,sō-i-b,u.B.,ANTIP-b,verb
sōīb,sōī-v,u.B.,2POSS.SG.ABS,noun
sōšša,sōšš-a,u.B.,INT,noun
sōšša,sōšši-a,u.B.,ESS,noun
sōšši,sōšši,u.B.,.ABS,noun
sōššiuž,sōšši-i-ož,u.B.,3POSS.SG-EQU,noun
sūgētteni,sūgētte-ne,u.B.,ABL/INS,noun
sūgētteni,sūgētte-ne-e,u.B.,RELAT.SG-DIR/LOC,noun
sūldu,sūl-id-o,binden,PL.A-TR.PFV,verb
sūleška,sūl+eški-a,u.B.,ESS,noun
sūlidu,sūl-id-o,binden,PL.A-TR.PFV,verb
sūlūde,sul+ud-i,lösen,ANTIP,verb
sūlūde,sul+ud-i,lösen,TR.IMP,verb
sūlūde,sūl+ūde,u.B.,.ABS,noun
sūlūža,sūl-ož-a,binden,PST-3A.SG,verb
sūrangi,sūr+ang+i,u.B.,.ABS,noun
sūwae,sūve-ae,u.B.,INS,noun
sūwe,sūve,u.B.,.ABS,noun
tabakka,tabakki-a,u.B.,ESS,noun
taballiž,taba+li-ne-ž,Schmied,RELAT.SG-ERG,noun
tabaštili,tab-ašt-i-le,u.B.,RES-MOD.AG-1JUSS,verb
tabaštili,tav-ašt-i-le,gießen,RES-MOD.AG-1JUSS,verb
tabenduž,tab-ind-o-ež,u.B.,PL.A-MOD.PAT-OPT,verb
tabilianiž,tab+ilia-ne-ž,Gegossene,RELAT.SG-ERG,ADJ
tabiribuwi,tab+i+re-iffu-ve,Gießer,1POSS.SG-GEN,noun
tabirīma,tab+i+re-i=ma,Gießer,3POSS.SG.ABS=CON,noun
tabra,tabri-a,Stuhl,ESS,noun
tabrinnež,tabrini-ne-ž,Wacholder?,RELAT.SG-ERG,noun
tabrāna,tabrani-a,Wachholder?,ESS,noun
tabrāni,tabrani,Wachholder?,.ABS,noun
tabrēnni,tab+i+rē+nni,Schmied,.ABS,noun
tadanida,tad+a+ni-da,u.B.,DIR,noun
tadanida,tad+a+ni-i-da,u.B.,3POSS.SG-DIR,noun
tadanida,tad-an-ed-a,lieben,an-FUT-3A.SG,verb
tadida,tad-id-a,lieben,PL.A-3A,verb
tadida,tādi-da,Liebe,DIR,noun
tadida,tādi-i-da,Liebe,3POSS.SG-DIR,noun
tadireškinibāe,tad+ir+e+ški-ne-ve-ae,Liebe?,RELAT.SG-GEN-INS,noun
tadiḫāduldašši,tad-iġ-ad-ol-d-a-šše,lieben,iġ-ad-ol-PL.A-3A-NMLZ.ABS,verb
tadiḫāduldašši,tādi,Liebe,.ABS,noun
tadiḫāduldašši,ḫād-ol-d-a-šše,u.B.,ol-PL.A-3A-NMLZ.ABS,verb
tadugarāe,tad+ugar+i-ae,gegenseitige Liebe,INS,noun
taduġeban,Tado.Ḫeba=an,PN,.ABS=CON,noun
taduġeban,Tado.Ḫeba=n,PN,.ABS=3SG.ABS,noun
taduġebāba,Tado.Ḫeba-va,PN,DAT,noun
taduġebābi,Tado.Ḫeba-ve,PN,GEN,noun
taduġevan,Tado.Ḫeba=n,PN,.ABS=3SG.ABS,noun
tadāe,tādi-ae,Liebe,INS,noun
tagi,tagi,Licht; hell,.ABS,noun
tagima,tagi=ma,Licht; hell,.ABS=CON,noun
tagiže,tage+že,hell,.ABS,ADJ
tagižina,tage+že-na,hell,RELAT.PL.ABS,ADJ
tagulaēž,tag-o-l-ae-ž,hell / makellos sein; leuchten,MOD.PAT-l-PURP-ž,verb
tagulāež,tag-o-l-ae-ž,hell / makellos sein; leuchten,MOD.PAT-l-PURP-ž,verb
tagulēž,tag-o-l-ež,hell / makellos sein; leuchten,MOD.PAT-l-OPT,verb
tagēže,tage+že,hell,.ABS,ADJ
talabōžinaža,talāv+o+že-na-až-a,groß,RELAT.PL-PL-DAT/ESS,ADJ
talabōžinažuž,talāv+o+že-na-až-ož,groß,RELAT.PL-PL-ERG,ADJ
talamdib,talam+d-i-b,groß machen,ANTIP-b,verb
talamdib,talam+d-i=v,groß machen,ANTIP=2PL.ABS,verb
talamdib,talam+d-i=v,groß machen,TR.IMP=2PL.ABS,verb
talamdib,talam+di-v,groß,2POSS.SG.ABS,ADJ
talavoži,talāv+o+že,groß,.ABS,ADJ
talavožināži,talāv+o+že-na-až-ve,groß,RELAT.PL-PL-GEN,ADJ
talaštāw,tal-ašt-aw,herausziehen,RES-1A.SG,verb
talaḫḫidu,tal+āḫḫ-id-o,herausziehen,PL.A-TR.PFV,verb
talaḫḫum,tal+āḫḫ-o-m,herausziehen,TR.PFV-3A.SG,verb
talaḫḫōm,tal-aḫḫ-o-m,herausziehen,aḫḫ-TR.PFV-3A.SG,verb
tali,tal-i,herausziehen,ANTIP,verb
tali,tal-i-le,herausziehen,MOD.AG-1JUSS,verb
tali,tale,u.B.,.ABS,noun
tali,tāl-i,u.B.,ANTIP,verb
tali,tāl-i-le,u.B.,MOD.AG-1JUSS,verb
talinaža,tāle-na-až-a,Baum; Holz,RELAT.PL-PL-DAT/ESS,noun
taliniba,tāle-ne-va,Baum; Holz,RELAT.SG-DAT,noun
talippa,tale-iffe-a,u.B.,1POSS.SG-ESS,noun
talippa,tale-v-va,u.B.,2POSS.SG-DAT,noun
talippa,tale-v=ma,u.B.,2POSS.SG.ABS=CON,noun
talippa,talippi-a,u.B.,ESS,noun
talippa,tāl-i-b=ma,u.B.,ANTIP-b=CON,verb
talippa,tāl-i=ffa,u.B.,ANTIP=2PL.ABS,verb
talmanalla,talm+a+ni-a=lla,u.B.,ESS=3PL.ABS,noun
talmašti,talm-ašt-i,groß sein / machen,RES-ANTIP,verb
talmašti,talm-ašt-i,groß sein / machen,RES-TR.IMP,verb
talmaštīli,talm-ašt-i-le,groß sein / machen,RES-MOD.AG-1JUSS,verb
talmu,talm-o,groß sein / machen,MOD.AG,verb
talmu,talm-u,groß sein / machen,MED,verb
talmuššini,Talmošše-ne,GN,ABL/INS,noun
talmōla,talm-ol-a,groß sein / machen,ol-3A.SG,verb
talmōvab,talmōv-a-b,groß werden,INT-b,verb
talmōġa,talm+oḫḫe-a,groß,ESS,ADJ
talmōġa,talm-oġ-a,groß sein / machen,oġ-3A.SG,verb
talmōġa,talm-oġ-a,groß sein / machen,oġ-INT,verb
talābōžināžuž,talāv+o+že-na-až-ož,groß,RELAT.PL-PL-ERG,ADJ
talāvaže,talāv+a+že,groß,.ABS,ADJ
talāvuži,talāv+o+že,groß,.ABS,ADJ
talāḫḫum,tal+āḫḫ-o-m,herausziehen,TR.PFV-3A.SG,verb
talēnaža,tāle-na-až-a,Baum; Holz,RELAT.PL-PL-DAT/ESS,noun
talēnež,tale-ne-ž,u.B.,RELAT.SG-ERG,noun
talīa,tal-i-a,herausziehen,TR-3A.SG,verb
tamarra,tam+ar+i-na,u.B.,RELAT.PL.ABS,noun
tamgarida,tamgāri-da,Händler,DIR,noun
tamgarida,tamgāri-i-da,Händler,3POSS.SG-DIR,noun
tamgarrida,tamgāri-ne-da,Händler,RELAT.SG-DIR,noun
tamgina,Tamgina,DN,,noun
tamginaž,Tamgina-ž,DN,ERG,noun
tammaderra,tammaderi-na,u.B.,RELAT.PL.ABS,noun
tammarġi,tamm+ar+ġe,u.B.,.ABS,noun
tamra,tamri-a,neun,ESS,NUM
tamrian,tamr-i-en,u.B.,MOD.AG-3JUSS,verb
tamrian,tamri-i-a=an,neun,3POSS.SG-ESS=CON,NUM
tamrian,tamri-i-a=n,neun,3POSS.SG-ESS=3SG.ABS,NUM
tamrīl,tamri-i=l,neun,3POSS.SG.ABS=3PL.ABS,NUM
tamrīl,tamri-ž=l,neun,ERG=3PL.ABS,NUM
tamāššina,tam+a+šše-na,u.B.,RELAT.PL.ABS,noun
tanna,tanni-a,u.B.,ESS,noun
tanna,tāni-na,u.B.,RELAT.PL.ABS,noun
tanānna,tanāni-na,Verstärkung,RELAT.PL.ABS,noun
taptani,tap-d-an-i,u.B.,d-an-ANTIP,verb
taptani,tap-d-an-i,u.B.,d-an-TR.IMP,verb
taptani,tapt+a+ni,u.B.,.ABS,noun
taptani,tapt-an-i,u.B.,an-ANTIP,verb
taptani,tapt-an-i,u.B.,an-TR.IMP,verb
tapteni,tapti-ne,u.B.,ABL/INS,noun
tapteni,tapti-ne-e,u.B.,RELAT.SG-DIR/LOC,noun
tapti,tapti,u.B.,.ABS,noun
taptini,tapti-ne,u.B.,ABL/INS,noun
taptini,tapti-ne-e,u.B.,RELAT.SG-DIR/LOC,noun
tapšab,tapš-a-b,ausgießen?,INT-b,verb
tapšaġuḫḫa,tapš+aġ+o+ḫḫe-a,u.B.,ESS,noun
tapšaḫḫa,tapš+āġ+i-a,Mundschenk,ESS,noun
tapšurža,tapš+ur+že-a,u.B.,ESS,noun
tapšuržai,tapš+ur+že-ae,u.B.,INS,noun
tapšāġa,tapš+āġ+i-a,Mundschenk,ESS,noun
tapšāġina,tapš+āġ+i-na,Mundschenk,RELAT.PL.ABS,noun
tapšōbādi,tapš+ō+bāde,u.B.,.ABS,noun
tapšū,tapš-u,überschreiten,MED,verb
tapḫa,tapḫi-a,u.B.,ESS,noun
tapḫaštib,tapḫ-ašt-i-b,u.B.,RES-ANTIP-b,verb
tara,tār-a,u.B.,INT,verb
tara,tāri-a,u.B.,ESS,noun
tarallibi,tarali-ne-ve,u.B.,RELAT.SG-GEN,noun
tarbu,tarb-o,u.B.,MOD.PAT,verb
tarbu,tarb-u,u.B.,MED,verb
tarbu,tarbu,u.B.,,ADV
targi,tar+ġe,u.B.,.ABS,noun
tarinnima,tar+i+nni=ma,u.B.,.ABS=CON,noun
taripti,tar+i+pt+i,u.B.,.ABS,noun
tariġini,tar+i+ġe-ne,u.B.,ABL/INS,noun
tariġini,tar+i+ġe-ne-e,u.B.,RELAT.SG-DIR/LOC,noun
tarmanna,tarm+a+ni-na,Quelle,RELAT.PL.ABS,noun
tarmanni,tarm+a+ni-ne,Quelle,ABL/INS,noun
tarmanni,tarm+a+ni-ne-e,Quelle,RELAT.SG-DIR/LOC,noun
tarmannibina,tarm+a+ni-ne-ve-na,Quelle,RELAT.SG-GEN-RELAT.PL.ABS,noun
tarmānuž,tarm+a+ni-ož,Quelle,EQU,noun
tarni,tarn-i,u.B.,ANTIP,verb
tarni,tarni,u.B.,.ABS,noun
tarria,tarr-i-a,u.B.,TR-3A.SG,verb
tarria,tarri-i-a,u.B.,3POSS.SG-ESS,noun
tarria,tāri-ne-va,Feuer,RELAT.SG-DAT,noun
tarriž,tāri-ne-ž,Feuer,RELAT.SG-ERG,noun
tarve,tarve,u.B.,.ABS,noun
tarāi,tāri-ae,Feuer,INS,noun
tarāi,tāri-ae,u.B.,INS,noun
tarēna,tarē-na,u.B.,RELAT.PL.ABS,noun
tarže,tarže,u.B.,.ABS,noun
taržuwanažāe,taržuwa+ni-na-až-ve-ae,Mensch,RELAT.PL-PL-GEN-INS,noun
taržuwanna,taržuwa+ni-na,Mensch,RELAT.PL.ABS,noun
taržuwannaža,taržuwa+ni-na-až-a,Mensch,RELAT.PL-PL-DAT/ESS,noun
taržuwannažuž,taržuwa+ni-na-až-ož,Mensch,RELAT.PL-PL-ERG,noun
taržuwannažāe,taržuwa+ni-na-až-ve-ae,Mensch,RELAT.PL-PL-GEN-INS,noun
taržuwannež,taržuwa+ni-ne-ž,Mensch,RELAT.SG-ERG,noun
taržuwanniba,taržuwa+ni-ne-va,Mensch,RELAT.SG-DAT,noun
taržuwannibi,taržuwa+ni-ne-ve,Mensch,RELAT.SG-GEN,noun
taržuwannida,taržuwa+ni-ne-da,Mensch,RELAT.SG-DIR,noun
taržuwanniž,taržuwa+ni-ne-ž,Mensch,RELAT.SG-ERG,noun
taržuwannāža,taržuwa+ni-na-až-a,Mensch,RELAT.PL-PL-DAT/ESS,noun
taržuwannāži,taržuwa+ni-na-až-ve,Mensch,RELAT.PL-PL-GEN,noun
taržuwanzi,taržuwa+n+zi,Menschheit,.ABS,noun
taržuwāni,taržuwa+ni,Mensch,.ABS,noun
taržūwāni,taržuwa+ni,Mensch,.ABS,noun
tattin,tad-id-en,lieben,PL.A-3JUSS,verb
tattin,tatt-i-en,u.B.,MOD.AG-3JUSS,verb
tattin,tatt-i=n,u.B.,ANTIP=3SG.ABS,verb
tattin,tatt-i=n,u.B.,ANTIP=CON,verb
tattin,tatti-n,u.B.,ABL/INS,noun
tattin,tatti=n,u.B.,.ABS=3SG.ABS,noun
tattin,tatti=n,u.B.,.ABS=CON,noun
tatḫinibi,tatḫi-ne-ve,u.B.,RELAT.SG-GEN,noun
tavaštōm,tav-ašt-o-m,gießen,RES-TR.PFV-3A.SG,verb
tavūdum,tav-ud-o-m,u.B.,NEG-TR.PFV-3A.SG,verb
tawti,taudi,u.B.,.ABS,noun
tazakkaštura,tazakkašturi-a,u.B.,ESS,noun
taġavure,taġav+o+re,u.B.,.ABS,noun
taġavure,taġav+o+re-ne,u.B.,ABL/INS,noun
taġavure,taġav+o+re-ne-e,u.B.,RELAT.SG-DIR/LOC,noun
taġažīb,tāġ-až-i-b,u.B.,až-ANTIP-b,verb
taġinež,tāġe-ne-ž,Mann,RELAT.SG-ERG,noun
taġuwadinēda,taġ+o+vadi-ne-da,u.B.,RELAT.SG-DIR,noun
taġāži,taġ+ā+že,Mannhaftigkeit,.ABS,noun
taġēnež,tāġe-ne-ž,Mann,RELAT.SG-ERG,noun
taġēnivāl,tāġe-ne-va=l,Mann,RELAT.SG-DAT=3PL.ABS,noun
taġōbi,taġōbi,u.B.,.ABS,noun
taškarġi,taškar+ġe,Buchsbaum?,.ABS,noun
taššāmib,taššāmi-v,u.B.,2POSS.SG.ABS,noun
taženi,taže-ne,Geschenk?; Gabe?,ABL/INS,noun
taženi,taže-ne-e,Geschenk?; Gabe?,RELAT.SG-DIR/LOC,noun
tažmežarri,Tažmi.šarri,PN,.ABS,noun
tažmežarrin,Tažmi.šarri=n,PN,.ABS=3SG.ABS,noun
tažmižarriba,Tažmi.šarri-va,PN,DAT,noun
tažmižarrida,Tažmi.šarri-da,PN,DIR,noun
tažmižarrin,Tažmi.šarri=n,PN,.ABS=3SG.ABS,noun
tažmižarriž,Tažmi.šarri-ž,PN,ERG,noun
tažulūwa,taž-ol-u-a,hinzufügen?,ol-MED-3A.SG,verb
tažummi,taž-umme,u.B.,INF.ABS,verb
teba,tebe-a,u.B.,ESS,noun
teba,tive-a,Wort; Sache,ESS,noun
tebi,tive,Wort; Sache,.ABS,noun
tebinažuž,tive-na-až-ož,Wort; Sache,RELAT.PL-PL-ERG,noun
tebini,tive-ne,Wort; Sache,ABL/INS,noun
tebini,tive-ne-e,Wort; Sache,RELAT.SG-DIR/LOC,noun
tebināžuž,tive-na-až-ož,Wort; Sache,RELAT.PL-PL-ERG,noun
tebušḫa,tiv+o+šḫi-a,Rede,ESS,noun
tebušḫāi,tiv+o+šḫi-ae,Rede,INS,noun
tebāe,tive-ae,Wort; Sache,INS,noun
tebāi,tive-ae,Wort; Sache,INS,noun
tebēna,tebe-na,u.B.,RELAT.PL.ABS,noun
tedera,tederi-a,u.B.,ESS,noun
tedevaduḫḫa,tid+i+vad+o+ḫḫe-a,unzählig?,ESS,ADJ
teeia,tē-i-a,Wort; Sache; Name?,3POSS.SG-ESS,noun
teffe,teffe,u.B.,.ABS,noun
teffe,tei-iffe,u.B.,1POSS.SG.ABS,noun
teiai,tei-ae,viel,INS,ADJ
teiai,tive-ae,Wort; Sache,INS,noun
telippa,tel-i-b=ma,vermehren,ANTIP-b=CON,verb
telu,tel-o,vermehren,MOD.PAT,verb
telu,tel-u,vermehren,MED,verb
telumma,tel-o-m=ma,vermehren,TR.PFV-3A.SG=CON,verb
telumma,tel-umme-a,vermehren,INF-ESS,verb
telīppa,tel-i-b=ma,vermehren,ANTIP-b=CON,verb
temgiaža,tem+gi-i-až-a,u.B.,3POSS-PL-DAT/ESS,noun
temiġa,temiġi-a,u.B.,ESS,noun
temmāni,temm+ā+ni,u.B.,.ABS,noun
temmāni,temm-an-i,u.B.,an-ANTIP,verb
teunāe,te+o+n+āe,viel,,ADV
teve,tive,Wort; Sache,.ABS,noun
teveffa,tive-iffe-a,Wort; Sache,1POSS.SG-ESS,noun
teveffa,tive-v-va,Wort; Sache,2POSS.SG-DAT,noun
tevena,tive-na,Wort; Sache,RELAT.PL.ABS,noun
teġeštab,teġ-ešt-a-b,heranwachsen,RES-INT-b,verb
teġeštub,teġ-ešt-o-m,heranwachsen,RES-TR.PFV-3A.SG,verb
teġiaža,tēġi-i-až-a,u.B.,3POSS-PL-DAT/ESS,noun
teġida,teġ-ed-a,heranwachsen,FUT-3A.SG,verb
teġiw,teġ-i-o,heranwachsen,TR-2A.SG,verb
teġri,teġr-i,u.B.,ANTIP,verb
teġri,teġri,u.B.,.ABS,noun
teġulli,teġ+ol+i-ne,u.B.,ABL/INS,noun
teġulli,teġ+ol+i-ne-e,u.B.,RELAT.SG-DIR/LOC,noun
teġulli,teġ-ol-i-le,heranwachsen,ol-MOD.AG-1JUSS,verb
tešcuppi,Teššob-ve,DN,GEN,noun
teššena,tešše-na,erhaben,RELAT.PL.ABS,noun
teššeni,tešše+ni,u.B.,.ABS,noun
teššeni,tešše-ne,erhaben,ABL/INS,noun
teššeni,tešše-ne-e,erhaben,RELAT.SG-DIR/LOC,noun
tešši,tešše,erhaben,.ABS,noun
teššināža,tešše-na-až-a,erhaben,RELAT.PL-PL-DAT/ESS,noun
teššub,Teššob,DN,.ABS,noun
teššuppi,Teššob-ve,DN,GEN,noun
teššuġāi,tešš+o+ġe-ae,u.B.,INS,noun
teššužum,tešš-ož-o-m,u.B.,ož-TR.PFV-3A.SG,verb
teššīe,tešše-e,erhaben,3POSS.SG.ABS,noun
teššīe,tešše-i-e,erhaben,3POSS.SG-DIR/LOC,noun
teššōbaž,Teššob-až,DN,ERG,noun
težuġarġi,tež+uġ+ar+ġe,u.B.,.ABS,noun
težuġarġida,tež+uġ+ar+ġe-da,u.B.,DIR,noun
težuġarġida,tež+uġ+ar+ġe-i-da,u.B.,3POSS.SG-DIR,noun
težuġarġināži,tež+uġ+ar+ġe-na-až-ve,u.B.,RELAT.PL-PL-GEN,noun
težuġāi,tež+o+ġe-ae,u.B.,INS,noun
težāe,teži-ae,u.B.,INS,noun
teḫpa,teḫp-a,u.B.,INT,verb
teḫpa,teḫpi-a,u.B.,ESS,noun
teḫtulellie,leli-ne,u.B.,ABL/INS,noun
teḫtulellie,leli-ne-e,u.B.,RELAT.SG-DIR/LOC,noun
teḫtulellie,teḫ+t-o,u.B.,MOD.PAT,verb
teḫtulellie,teḫ+t-ol-il-i-le,u.B.,ol-il-MOD.AG-1JUSS,verb
teḫtulellie,teḫ+t-u,u.B.,MED,verb
teḫtulellie,teḫ-id-o,u.B.,PL.A-TR.PFV,verb
tia,tiye-a,Wort; Sache,ESS,noun
tiba,tib-a,u.B.,INT,verb
tiba,tibi-a,u.B.,ESS,noun
tiba,tive-a,Wort; Sache,ESS,noun
tibadedella,tibade=dilla,u.B.,.ABS=1PL.ABS,noun
tibi,tive,Wort; Sache,.ABS,noun
tibib,tive-v,Wort; Sache,2POSS.SG.ABS,noun
tibina,tive-na,Wort; Sache,RELAT.PL.ABS,noun
tibušḫāi,tiv+o+šḫi-ae,Rede,INS,noun
tibāe,tive-ae,Wort; Sache,INS,noun
tibāi,tive-ae,Wort; Sache,INS,noun
tibāġa,tibāġi-a,u.B.,ESS,noun
tibāġa,tiv-aġ-a,sprechen,aġ-3A.SG,verb
tibāġa,tiv-aġ-a,sprechen,aġ-INT,verb
tibāġōm,tiv-aġ-o-m,sprechen,aġ-TR.PFV-3A.SG,verb
tibēna,tive-na,Wort; Sache,RELAT.PL.ABS,noun
tibōšḫi,tiv+o+šḫi,Rede,.ABS,noun
tidiam,tidi-i-a=m,u.B.,3POSS.SG-ESS=CON,noun
tidiam,tīd-i-a=m,u.B.,TR-3A.SG=CON,verb
tidiam,tīd-i-a=m,zählen,TR-3A.SG=CON,verb
tidikki,tīd-i-kki,u.B.,ANTIP-NEG,verb
tidivāduḫḫa,tid+i+vad+o+ḫḫe-a,unzählig?,ESS,ADJ
tidiāb,tidi-i-a=m,u.B.,3POSS.SG-ESS=CON,noun
tidiāb,tīd-i-a=m,angreifen,TR-3A.SG=CON,verb
tidiāb,tīd-i-a=m,zählen,TR-3A.SG=CON,verb
tidištēdi,tīd-išt-ed-i,u.B.,RES-FUT-ANTIP,verb
tillada,tilladi-a,u.B.,ESS,noun
tilulōštab,til+ol-ošt-aw,zertreten; zerstampfen,RES-1A.SG,verb
timarri,timeri-ne-e,dunkel,RELAT.SG-DIR/LOC,ADJ
timerrē,timeri-ne-e,dunkel,RELAT.SG-DIR/LOC,ADJ
tipšar,tip+šari,"Rede, Angelegenheit",.ABS,noun
tipšari,tip+šari,"Rede, Angelegenheit",.ABS,noun
tipšāri,tip+šari,"Rede, Angelegenheit",.ABS,noun
titta,titt-a,u.B.,INT,verb
titta,titti-a,u.B.,ESS,noun
titta,tīd-d-a,u.B.,d-INT,verb
titta,tīd-id-a,u.B.,PL.A-3A,verb
titta,tīd-id-en,u.B.,PL.A-3JUSS,verb
tivena,tive-na,Wort; Sache,RELAT.PL.ABS,noun
tiveniž,tive-ne-ž,Wort; Sache,RELAT.SG-ERG,noun
tivi,tive,Wort; Sache,.ABS,noun
tivina,tive-na,Wort; Sache,RELAT.PL.ABS,noun
tivinām,tive-na=m,Wort; Sache,RELAT.PL.ABS=CON,noun
tivivudab,tive-v-oda=m,Wort; Sache,2POSS.SG-DIR=CON,noun
tivošḫa,tiv+o+šḫi-a,Rede,ESS,noun
tivušḫini,tiv+o+šḫi-na,Rede,RELAT.PL.ABS,noun
tivušḫini,tiv+o+šḫi-ne-e,Rede,RELAT.SG-DIR/LOC,noun
tivāḫtu,tiv-aġ-id-o,sprechen,aġ-PL.A-TR.PFV,verb
tizū,tiz-u,u.B.,MED,verb
tiššuḫḫi,tišš+o+ḫḫe,u.B.,.ABS,noun
tižab,tiža-v,Herz,2POSS.SG.ABS,noun
tižiaž,tiža-i-až,Herz,3POSS-PL.ABS,noun
tiḫḫida,tiḫḫ-ed-a,u.B.,FUT-3A.SG,verb
tiḫḫida,tiḫḫi-da,u.B.,DIR,noun
tiḫḫida,tiḫḫi-i-da,u.B.,3POSS.SG-DIR,noun
tubinažuž,tōbi-na-až-ož,Beschwörung,RELAT.PL-PL-ERG,noun
tuffaēšḫema,tuffaē+šḫe=ma,u.B.,.ABS=CON,noun
tugalla,tug-a=lla,u.B.,INT=3PL.ABS,verb
tugalla,tugali-na,u.B.,RELAT.PL.ABS,noun
tugalla,tugi-a=lla,u.B.,ESS=3PL.ABS,noun
tugrišḫi,Tugriž-ġe,PN,ADJ.ABS,noun
tugrižōġa,tugriž+ō+ġe-a,von Tugriz,ESS,ADJ
tuiba,tui-i-va,u.B.,3POSS.SG-DAT,noun
tuiba,tui-va,u.B.,DAT,noun
tulbulimaža,tulbuli+m+a+že-a,u.B.,ESS,noun
tulburāe,tulburi-ae,u.B.,INS,noun
tullibina,tuli-ne-ve-na,u.B.,RELAT.SG-GEN-RELAT.PL.ABS,noun
tullibina,tulli-ve-na,u.B.,GEN-RELAT.PL.ABS,noun
tummininna,tummi-ne-e=nna,u.B.,RELAT.SG-DIR/LOC=3SG.ABS,noun
tummininna,tummi-ne-nna,u.B.,RELAT.SG-EQU2,noun
tummininna,tummi-ne=nna,u.B.,ABL/INS=3SG.ABS,noun
tumnadinella,tomn+adi-ne=lla,Vierergruppe,ABL/INS=3PL.ABS,noun
tumniam,tomni-i-a=m,vier,3POSS.SG-ESS=CON,NUM
tumniaža,tomni-i-až-a,vier,3POSS-PL-DAT/ESS,NUM
tunidu,ton-id-o,ausstatten,PL.A-TR.PFV,verb
tunitḫibe,tun+i+tḫe-iffe,u.B.,1POSS.SG.ABS,noun
tunivadai,ton-i-vade-ae,ausstatten,AG-ADJ.NEG-INS,verb
tunivadai,tūn-i-vade-ae,vermögen; überwinden,AG-ADJ.NEG-INS,verb
tunuwarriž,tunuwari-ne-ž,u.B.,RELAT.SG-ERG,noun
tunuštu,ton-ošt-o,ausstatten,RES-MOD.PAT,verb
tunuštu,ton-ošt-u,ausstatten,RES-MED,verb
tunuštu,tūn-ušt-o,vermögen; überwinden,RES-MOD.PAT,verb
tunuštu,tūn-ušt-u,vermögen; überwinden,RES-MED,verb
tunōm,ton-o-m,ausstatten,TR.PFV-3A.SG,verb
tunōm,tūn-o-m,vermögen; überwinden,TR.PFV-3A.SG,verb
tunōštum,ton-ošt-o-m,ausstatten,RES-TR.PFV-3A.SG,verb
tuppini,tuppi-ne-e,u.B.,RELAT.SG-DIR/LOC,noun
tupḫa,tupḫ-a,u.B.,INT,verb
tupḫa,tupḫi-a,u.B.,ESS,noun
turba,torove-a,Feind,ESS,noun
turba,torv-a,feindlich sein?,INT,verb
turbōri,turb+ō+re,u.B.,.ABS,noun
turuḫḫe,tūr+o+ḫḫe,Fundament?,.ABS,noun
turuḫḫina,tor+o+ḫḫe-na,männlich,RELAT.PL.ABS,ADJ
turuḫḫina,tur+o+ḫḫe-na,männlich,RELAT.PL.ABS,ADJ
turžē,turžē,Lunge,.ABS,noun
tuwarnibinida,tuw+ar+ni-ve-ne-da,u.B.,GEN-RELAT.SG-DIR,noun
tā+na,tān-a,machen,INT,verb
tābužudam,tab-ož-o=d=am,u.B.,PST-2A.SG=1SG.ABS=CON,verb
tābužudam,tab-ož-ud-a=m,u.B.,ož-ud-INT=2SG.ABS,verb
tābīw,tab-i-o,u.B.,TR-2A.SG,verb
tābōžudam,tab-ož-o=d=am,u.B.,PST-2A.SG=1SG.ABS=CON,verb
tābōžudam,tab-ož-ud-a=m,u.B.,ož-ud-INT=2SG.ABS,verb
tāda,tādi-a,Liebe,ESS,noun
tādareški,tād+ar+e+ški,u.B.,.ABS,noun
tādiašši,tād+i+a+šše,die Liebende; die Liebliche,.ABS,ADJ
tādinibād,tādi-ne-va=d,Liebe,RELAT.SG-DAT=1SG.ABS,noun
tādireškinibāe,tad+ir+e+ški-ne-ve-ae,Liebe?,RELAT.SG-GEN-INS,noun
tādittiniala,tāditti+ni-i-a=lla,u.B.,3POSS.SG-ESS=3PL.ABS,noun
tādittiniala,tāditti+ni-i-až=lla,u.B.,3POSS-PL.ABS=3PL.ABS,noun
tādugarāi,tad+ugar+i-ae,gegenseitige Liebe,INS,noun
tāduġeba,Tado.Ḫeba,PN,.ABS,noun
tāduġeban,Tado.Ḫeba=n,PN,.ABS=3SG.ABS,noun
tāduġebābi,Tado.Ḫeba-ve,PN,GEN,noun
tāduġebān,Tado.Ḫeba=n,PN,.ABS=3SG.ABS,noun
tāgi,tagi,Licht; hell,.ABS,noun
tāgidura,Tāgidu-ra,DN,COM,noun
tāgiže,tage+že,hell,.ABS,ADJ
tāgiži,tage+že,hell,.ABS,ADJ
tāgulēž,tag-o-l-ež,hell / makellos sein; leuchten,MOD.PAT-l-OPT,verb
tāgōri,tāg+ō+re,beleuchtet (?),.ABS,ADJ
tālamdub,talm-d-o-m,groß sein / machen,d-TR.PFV-3A.SG,verb
tāli,tale,u.B.,.ABS,noun
tāli,tāle,Baum; Holz,.ABS,noun
tālia,tal-i-a,herausziehen,TR-3A.SG,verb
tālia,tale-i-a,u.B.,3POSS.SG-ESS,noun
tālia,tāle-i-a,Baum; Holz,3POSS.SG-ESS,noun
tālina,tāle-na,Baum; Holz,RELAT.PL.ABS,noun
tālināža,tāle-na-až-a,Baum; Holz,RELAT.PL-PL-DAT/ESS,noun
tālinēda,tāle-ne-da,Baum; Holz,RELAT.SG-DIR,noun
tālāl,tal-a=lla,herausziehen,INT=3PL.ABS,verb
tālāl,tale-a=l,u.B.,ESS=3PL.ABS,noun
tālāl,tāl-a=l,u.B.,INT=3PL.ABS,verb
tālāl,tāle-a=l,Baum; Holz,ESS=3PL.ABS,noun
tālāḫḫum,tal+āḫḫ-o-m,herausziehen,TR.PFV-3A.SG,verb
tālāḫḫīb,tal+āḫḫ-i-b,herausziehen,ANTIP-b,verb
tālēnež,tāle-ne-ž,Baum; Holz,RELAT.SG-ERG,noun
tālūlīžanna,tal-ol-iž-a=nna,herausziehen,ol-iž-3A.SG=3SG.ABS,verb
tālūlīžanna,tal-ol-iž-a=nna,herausziehen,ol-iž-INT=3SG.ABS,verb
tālūlīžanna,tāl+ūl+ī+že-a=nna,u.B.,ESS=3SG.ABS,noun
tāma,tami-a,u.B.,ESS,noun
tāna,tān-a,machen,INT,verb
tāna,tāni-a,u.B.,ESS,noun
tānaštīb,tān-ašt-i-b,machen,RES-ANTIP-b,verb
tāndib,tān-d-i-b,machen,d-ANTIP-b,verb
tāndu,tān-d-o,machen,d-2A.SG,verb
tāndu,tān-d-o,machen,d-MOD.PAT,verb
tāndu,tān-d-u,machen,d-MED,verb
tāndu,tān-id-o,machen,PL.A-TR.PFV,verb
tāngaimā,tān+gi-ae=ma,u.B.,INS=CON,noun
tāni,tān-i,machen,ANTIP,verb
tāni,tāni,u.B.,.ABS,noun
tānni,tanni,u.B.,.ABS,noun
tānni,tāni-ne,u.B.,ABL/INS,noun
tānni,tāni-ne-e,u.B.,RELAT.SG-DIR/LOC,noun
tānumāgāi,tānumāgi-ae,u.B.,INS,noun
tānuže,tān+o+že,u.B.,.ABS,noun
tānuži,tān-ož-i,machen,PST-ANTIP,verb
tāpšūlāw,tāpš-ol-aw,u.B.,ol-1A.SG,verb
tāra,tār-a,u.B.,INT,verb
tāra,tāri-a,Feuer,ESS,noun
tāra,tāri-a,u.B.,ESS,noun
tāri,tāri,u.B.,.ABS,noun
tārinni,tar+i+nni,u.B.,.ABS,noun
tāriġini,tar+i+ġe-ne,u.B.,ABL/INS,noun
tāriġini,tar+i+ġe-ne-e,u.B.,RELAT.SG-DIR/LOC,noun
tārra,tāri-na,u.B.,RELAT.PL.ABS,noun
tārrež,tāri-ne-ž,Feuer,RELAT.SG-ERG,noun
tārri,tāri-ne,Feuer,ABL/INS,noun
tārri,tāri-ne,u.B.,ABL/INS,noun
tārri,tāri-ne-e,Feuer,RELAT.SG-DIR/LOC,noun
tārri,tāri-ne-e,u.B.,RELAT.SG-DIR/LOC,noun
tārēna,tarē-na,u.B.,RELAT.PL.ABS,noun
tārōni,tār+ō+ni,u.B.,.ABS,noun
tārōni,tār-on-i,u.B.,on-ANTIP,verb
tātḫundōrinamma,tātḫ+und+ō+re-na=mma,u.B.,RELAT.PL.ABS=CON,noun
tāwumballa,tā-umb-a=lla,u.B.,umb-3A.SG=3PL.ABS,verb
tāġa,tāġ-a,u.B.,INT,verb
tāġa,tāġe-a,Mann,ESS,noun
tāġanna,tāġani-na,u.B.,RELAT.PL.ABS,noun
tāġe,tāġe,Mann,.ABS,noun
tāġi,tāġ-i,u.B.,ANTIP,verb
tāġi,tāġ-i,u.B.,TR.IMP,verb
tāġi,tāġe,Mann,.ABS,noun
tāġi,tāġe,u.B.,.ABS,noun
tāġiba,tāġe-i-va,Mann,3POSS.SG-DAT,noun
tāġiba,tāġe-va,Mann,DAT,noun
tāġibi,tāġe-ve,Mann,GEN,noun
tāġibāe,tāġe-ve-ae,Mann,GEN-INS,noun
tāġibāi,tāġe-ve-ae,Mann,GEN-INS,noun
tāġid,tāġe=d,Mann,.ABS=1SG.ABS,noun
tāġinež,tāġe-ne-ž,Mann,RELAT.SG-ERG,noun
tāġiniba,tāġe-ne-va,Mann,RELAT.SG-DAT,noun
tāġinibinež,tāġe-ne-ve-ne-ž,Mann,RELAT.SG-GEN-RELAT.SG-ERG,noun
tāġēma,tāġe=ma,Mann,.ABS=CON,noun
tāġēma,tāġe=ma,u.B.,.ABS=CON,noun
tāžae,taže-ae,Geschenk?; Gabe?,INS,noun
tāženēra,taže-ne-ra,Geschenk?; Gabe?,RELAT.SG-COM,noun
tāžini,tāži-ne,u.B.,ABL/INS,noun
tāžini,tāži-ne-e,u.B.,RELAT.SG-DIR/LOC,noun
tāžēni,tāžē-ne,u.B.,ABL/INS,noun
tāžēni,tāžē-ne-e,u.B.,RELAT.SG-DIR/LOC,noun
tē,tēi,sehr,,ADV
tēa,tiye-e-a,Wort; Sache,3POSS.SG-ESS,noun
tēa,tēa,sehr,,ADV
tēadin,tēi+ade-n,u.B.,ABL/INS,noun
tēadin,tēi+ade=n,u.B.,.ABS=3SG.ABS,noun
tēadin,tēi+ade=n,u.B.,.ABS=CON,noun
tēama,te-i-a-ma,sprechen,TR-3A.SG-NEG,verb
tēama,tē-i-a=ma,u.B.,3POSS.SG-ESS=CON,noun
tēama,tēa=ma,sehr,=CON,ADV
tēlu,tel-u,vermehren,MED,verb
tēna,tē+ni-a,Wort; Name?,ESS,noun
tēna,tēni-a,u.B.,ESS,noun
tēni,tē+ni,Wort; Name?,.ABS,noun
tēvena,tive-na,Wort; Sache,RELAT.PL.ABS,noun
tēġida,teġ-ed-a,heranwachsen,FUT-3A.SG,verb
tēġida,teġidi-a,u.B.,ESS,noun
tēġida,tēġi-da,u.B.,DIR,noun
tēġida,tēġi-i-da,u.B.,3POSS.SG-DIR,noun
tēġulla,teġ-ull-a,heranwachsen,ull-3A.SG,verb
tēġuššeni,tēġ+o+šše-ne,Erziehung?,ABL/INS,noun
tēġuššeni,tēġ+o+šše-ne-e,Erziehung?,RELAT.SG-DIR/LOC,noun
tēšši,tešše,erhaben,.ABS,noun
tīa,te-i-a,sprechen,TR-3A.SG,verb
tīa,tiye-a,Wort; Sache,ESS,noun
tīa,tiye-i-a,Wort; Sache,3POSS.SG-ESS,noun
tīb,te-i-b,sprechen,ANTIP-b,verb
tīb,tiye-v,Wort; Sache,2POSS.SG.ABS,noun
tībi,tive,Wort; Sache,.ABS,noun
tīda,tidi-a,u.B.,ESS,noun
tīda,tīd-a,angreifen,INT,verb
tīda,tīd-a,u.B.,INT,verb
tīda,tīd-a,zählen,INT,verb
tīdida,tidi-da,u.B.,DIR,noun
tīdida,tidi-i-da,u.B.,3POSS.SG-DIR,noun
tīdida,tīd-id-a,u.B.,PL.A-3A,verb
tīdida,tīd-id-en,u.B.,PL.A-3JUSS,verb
tīdivāde,tīd-i-vade,zählen,AG-ADJ.NEG.ABS,verb
tīdiw,tīd-i-o,angreifen,TR-2A.SG,verb
tīdiw,tīd-i-o,u.B.,TR-2A.SG,verb
tīdiw,tīd-i-o,zählen,TR-2A.SG,verb
tīpšāri,tip+šari,"Rede, Angelegenheit",.ABS,noun
tīva,tiv-a,sprechen,INT,verb
tīva,tiye-i-va,Wort; Sache,3POSS.SG-DAT,noun
tīva,tiye-v-a,Wort; Sache,2POSS.SG-ESS,noun
tīva,tiye-va,Wort; Sache,DAT,noun
tīvena,tive-na,Wort; Sache,RELAT.PL.ABS,noun
tīvenniva,tive-ne-va,Wort; Sache,RELAT.SG-DAT,noun
tīvenniva,tīvini-ne-va,Stroh,RELAT.SG-DAT,noun
tīvina,tive-na,Wort; Sache,RELAT.PL.ABS,noun
tīvollan,tīv-o=lla=an,u.B.,MOD.PAT=3PL.ABS=CON,verb
tīvollan,tīv-oll-a=an,u.B.,oll-INT.IMP=CON,verb
tīvollan,tīv-oll-a=n,u.B.,oll-INT.IMP=3SG.ABS,verb
tīvollan,tīvoli-na=an,u.B.,RELAT.PL.ABS=CON,noun
tīvā,tive-a,Wort; Sache,ESS,noun
tīžab,tiža-v,Herz,2POSS.SG.ABS,noun
tīžab,tīž-a-b,u.B.,INT-b,verb
tīžanna,tiža-nna,Herz,EQU2,noun
tīžanna,tiža=nna,Herz,.ABS=3SG.ABS,noun
tōbinažuž,tōbi-na-až-ož,Beschwörung,RELAT.PL-PL-ERG,noun
tōbināžuž,tōbi-na-až-ož,Beschwörung,RELAT.PL-PL-ERG,noun
tōbāe,tōbi-ae,Beschwörung,INS,noun
tōmmušše,tōmmo+šše,vierter,.ABS,NUM
tōmva,tōmv-a,u.B.,INT,verb
tōniliffa,ton-i-le=ffa,ausstatten,MOD.AG-1JUSS=2PL.ABS,verb
tōniliffa,tōn+ili-iffe-a,u.B.,1POSS.SG-ESS,noun
tōniliffa,tōn+ili-v-va,u.B.,2POSS.SG-DAT,noun
tōpšida,tōpš-ed-a,u.B.,FUT-3A.SG,verb
tōpšida,tōpši-da,u.B.,DIR,noun
tōpšida,tōpši-i-da,u.B.,3POSS.SG-DIR,noun
tōri,tūr-i,hinabgehen,ANTIP,verb
tōri,tūri,unten; hinab,,ADV
tōruwe,torove,Feind,.ABS,noun
tōruwi,torove,Feind,.ABS,noun
tōruḫḫāe,tor+o+ḫḫe-ae,männlich,INS,ADJ
tōrōbinibi,torove-ne-ve,Feind,RELAT.SG-GEN,noun
tōġadib,tōġ-ad-i-b,u.B.,ad-ANTIP-b,verb
tōġadumanni,tōġ+ad+om+a+ni-ne,u.B.,ABL/INS,noun
tōġadumanni,tōġ+ad+om+a+ni-ne-e,u.B.,RELAT.SG-DIR/LOC,noun
tōġadumanni,tōġ+ad+om+a+nni,u.B.,.ABS,noun
tōġaduppu,tōġ-ad-uffu,u.B.,ad-1A.SG.NEG,verb
tōġadužilāi,tōġ-ad-ož-i-l-ae,u.B.,ad-ož-MOD.AG-l-PURP,verb
tōġalziniba,tōġal+zi-ne-va,u.B.,RELAT.SG-DAT,noun
tōġalziniž,tōġal+zi-ne-ž,u.B.,RELAT.SG-ERG,noun
tūdiguž,tūdi+gi-ož,Abfallhaufen,EQU,noun
tūdigōž,tūdi+gi-ož,Abfallhaufen,EQU,noun
tūmniažūž,tomni-i-až-ož,vier,3POSS-PL-ERG,NUM
tūniani,tūni-i-ane,Fußschemel?,3POSS.SG-ABL/INS,noun
tūnidu,tūn-id-o,vermögen; überwinden,PL.A-TR.PFV,verb
tūnimmuššuḫḫa,tūn+imm+o+šš+oḫḫe-a,u.B.,ESS,noun
tūnuwadu,tūnuw-ad-o,u.B.,ad-MOD.PAT,verb
tūnuwadu,tūnuw-ad-u,u.B.,ad-MED,verb
tūnāin,ton-i-ae-n,ausstatten,MOD.AG-PURP-n,verb
tūnāin,ton-i-ae=n,ausstatten,MOD.AG-PURP=3SG.ABS,verb
tūnāin,ton-i-ae=n,ausstatten,MOD.AG-PURP=CON,verb
tūnāin,tūn-i-ae-n,vermögen; überwinden,MOD.AG-PURP-n,verb
tūnāin,tūn-i-ae=n,vermögen; überwinden,MOD.AG-PURP=3SG.ABS,verb
tūnāin,tūn-i-ae=n,vermögen; überwinden,MOD.AG-PURP=CON,verb
tūnāḫḫi,ton-aḫḫ-i,ausstatten,aḫḫ-ANTIP,verb
tūnāḫḫi,tōn+ā+ḫḫe,u.B.,.ABS,noun
tūnāḫḫi,tōn+āḫḫ+i,u.B.,.ABS,noun
tūnāḫḫi,tūn+ā+ḫḫe,u.B.,.ABS,noun
tūnāḫḫi,tūn+āḫḫ+i,u.B.,.ABS,noun
tūnāḫḫi,tūn-aḫḫ-i,vermögen; überwinden,aḫḫ-ANTIP,verb
tūri,tūr-i,hinabgehen,ANTIP,verb
tūri,tūri,unten; hinab,,ADV
tūria,tūri,unten; hinab,,ADV
tūruḫḫi,tūr+o+ḫḫe,Fundament?,.ABS,noun
tūrīe,tūri-i-e,Unterseite?,3POSS.SG-DIR/LOC,noun
tūrīn,tūri-n,unten; hinab,ABL/INS,ADV
tūrīn,tūri=n,unten; hinab,=CON,ADV
uba,ub-a,u.B.,INT,verb
uba,ubi-a,Gerste,ESS,noun
uba,ubī-a,u.B.,ESS,noun
ubi,ubi,Gerste,.ABS,noun
ubilbaeži,Ubilbaeži,GN,.ABS,noun
ubilbāeženel,Ubilbaeži-ne-ž=l,GN,RELAT.SG-ERG=3PL.ABS,noun
ubina,obi-na,Gerste?,RELAT.PL.ABS,noun
ubindain,ub-ind-i-ae-n,töten; schlachten,PL.A-MOD.AG-PURP-n,verb
ubindain,ub-ind-i-ae=n,töten; schlachten,PL.A-MOD.AG-PURP=3SG.ABS,verb
ubindain,ub-ind-i-ae=n,töten; schlachten,PL.A-MOD.AG-PURP=CON,verb
ubindain,ubindi-ae=n,u.B.,INS=3SG.ABS,noun
ubindain,ubindi-ae=n,u.B.,INS=CON,noun
ubinež,ove-ne-ž,töricht,RELAT.SG-ERG,ADJ
ubiptēššel,Ubip.tēšši-ž=l,PN,ERG=3PL.ABS,noun
ubugarženi,ub+ugar+že-ne,Schlacht,ABL/INS,noun
ubugarženi,ub+ugar+že-ne-e,Schlacht,RELAT.SG-DIR/LOC,noun
ubukku,ub-o-kko,u.B.,INT-NEG,verb
ubuwen,ub-o-va-en,töten; schlachten,MOD.PAT-NEG-3JUSS,verb
ubēda,ub-ed-a,töten; schlachten,FUT-3A.SG,verb
ubīn,ove=n,töricht,.ABS=3SG.ABS,ADJ
ubīn,ove=n,töricht,.ABS=CON,ADJ
ubīn,ub-i-en,u.B.,MOD.AG-3JUSS,verb
ubīn,ub-i=n,u.B.,ANTIP=3SG.ABS,verb
ubīn,ub-i=n,u.B.,ANTIP=CON,verb
ubīn,ubi-i-n,Gerste,3POSS.SG-ABL/INS,noun
ubīn,ubi-i=n,Gerste,3POSS.SG.ABS=3SG.ABS,noun
ubīn,ubi-i=n,Gerste,3POSS.SG.ABS=CON,noun
ubīn,ubi-n,Gerste,ABL/INS,noun
ubīn,ubi=n,Gerste,.ABS=3SG.ABS,noun
ubīn,ubi=n,Gerste,.ABS=CON,noun
ubīn,ubī-i-n,u.B.,3POSS.SG-ABL/INS,noun
ubīn,ubī-i=n,u.B.,3POSS.SG.ABS=3SG.ABS,noun
ubīn,ubī-i=n,u.B.,3POSS.SG.ABS=CON,noun
ubīn,ubī-n,u.B.,ABL/INS,noun
ubīn,ubī=n,u.B.,.ABS=3SG.ABS,noun
ubīn,ubī=n,u.B.,.ABS=CON,noun
ubūža,ub-ož-a,töten; schlachten,PST-3A.SG,verb
ubūža,ub-ož-a,u.B.,PST-3A.SG,verb
udadelāib,ud-ad-i-l-ae=v,u.B.,ad-MOD.AG-l-PURP=2PL.ABS,verb
udadelāib,udadeli-ae=v,u.B.,INS=2PL.ABS,noun
udepšarrāl,Udip.šarra-ž=l,PN,ERG=3PL.ABS,noun
udipšarin,Odip.šarri-n,PN,ABL/INS,noun
udipšarin,Odip.šarri=n,PN,.ABS=3SG.ABS,noun
udipšarin,Odip.šarri=n,PN,.ABS=CON,noun
udipšarran,Udip.šarra-a=an,PN,ESS=CON,noun
udipšarran,Udip.šarra-a=n,PN,ESS=3SG.ABS,noun
udipšarran,Udip.šarra=an,PN,.ABS=CON,noun
udipšarran,Udip.šarra=n,PN,.ABS=3SG.ABS,noun
udužudamma,ud-ož-o=d=amma,u.B.,PST-2A.SG=1SG.ABS=CON,verb
udužudamma,ud-ož-ud-a=mma,u.B.,ož-ud-INT=2SG.ABS,verb
udānab,ud-an-a-b,u.B.,an-INT-b,verb
ue,ue,nein,,INTJ
ue,uwi,Brot,.ABS,noun
uenava,Uenawa,GN,.ABS,noun
uenaval,Uenawa-ž=l,GN,ERG=3PL.ABS,noun
ueni,uwi-ne,Brot,ABL/INS,noun
ueni,uwi-ne-e,Brot,RELAT.SG-DIR/LOC,noun
ueruḫḫāl,uwer+o+ḫḫe-a=l,u.B.,ESS=3PL.ABS,noun
ugulgari,ug+ol+gar-i,niederknien,ANTIP,verb
ugulgul,ugulg-o=l,u.B.,MOD.PAT=3PL.ABS,verb
ugulgul,ugulg-u=l,u.B.,MED=3PL.ABS,verb
ugulzib,ug+ol+z-i-b,niederknien,ANTIP-b,verb
ugulziġiani,ug+ol+z+i+ġe-i-ane,das Niederknien?,3POSS.SG-ABL/INS,noun
uilanum,uw-il-an-o-m,essen,il-an-TR.PFV-3A.SG,verb
uinež,uwi-ne-ž,Brot,RELAT.SG-ERG,noun
uittani,uw+ett+a+ni,u.B.,.ABS,noun
ukku,ukk-o,u.B.,MOD.PAT,verb
ukku,ukk-u,u.B.,MED,verb
ukku,ukku,u.B.,,ADV
ula,ol-a,u.B.,INT,verb
ula,oli-a,anderer,ESS,PRON
ulaffa,oli-a=ffa,anderer,ESS=2PL.ABS,PRON
ulappa,oli-a=ffa,anderer,ESS=2PL.ABS,PRON
ulli,oli-ne,anderer,ABL/INS,PRON
ulli,oli-ne-e,anderer,RELAT.SG-DIR/LOC,PRON
ulliva,oli-ne-va,anderer,RELAT.SG-DAT,PRON
ulluliž,oll-o-l-ež,zurückhalten; niederdrücken,MOD.PAT-l-OPT,verb
ulluġužellāin,oll+uġ-ož-ill-i-ae-n,abwischen; niederdrücken,ož-ill-MOD.AG-PURP-n,verb
ulluġužellāin,oll+uġ-ož-ill-i-ae=n,abwischen; niederdrücken,ož-ill-MOD.AG-PURP=3SG.ABS,verb
ulluġužibāe,oll+uġ+o+že-ve-ae,u.B.,GEN-INS,noun
ulluġužibāi,oll+uġ+o+že-ve-ae,u.B.,GEN-INS,noun
ulluġēdi,oll-oġ-ed-i,zurückhalten; niederdrücken,oġ-FUT-ANTIP,verb
ulluġōžibāe,oll+uġ+o+že-ve-ae,u.B.,GEN-INS,noun
ulme,ūl+me,Sklavin; Dienerin,.ABS,noun
ulānōm,ul+ān-o-m,fressen,TR.PFV-3A.SG,verb
ulōštel,ol-o-eš=dil,u.B.,MOD.PAT-OPT=1PL.ABS,verb
ulōštel,ol-ošt-i=l,u.B.,RES-ANTIP=3PL.ABS,verb
ulōštel,ol-ošt-i=l,u.B.,RES-TR.IMP=3PL.ABS,verb
umban,Umba=an,DN,.ABS=CON,noun
umban,Umba=n,DN,.ABS=3SG.ABS,noun
umbašši,app+a+šše,u.B.,.ABS,noun
umbašši,app-a-šše,u.B.,INT-NMLZ.ABS,verb
umbašši,tupp+a+šše,u.B.,.ABS,noun
umbašši,tupp-a-šše,bleiben; versammeln,INT-NMLZ.ABS,verb
umbašši,umb+a+šše,u.B.,.ABS,noun
umbašši,umb-a-šše,u.B.,INT-NMLZ.ABS,verb
umbu,Umbu,DN,.ABS,noun
umbundurinidal,umb+und+o+re-ne-da=l,u.B.,RELAT.SG-DIR=3PL.ABS,noun
umbōž,umb-o-ež,u.B.,MOD.PAT-OPT,verb
umbōž,umbi-ož,u.B.,EQU,noun
umina,omini-a,Land,ESS,noun
uminna,omini-na,Land,RELAT.PL.ABS,noun
uminnāža,omini-na-až-a,Land,RELAT.PL-PL-DAT/ESS,noun
uminnāži,omini-na-až-ve,Land,RELAT.PL-PL-GEN,noun
uminīe,omini-e,Land,3POSS.SG.ABS,noun
uminīe,omini-i-e,Land,3POSS.SG-DIR/LOC,noun
ummallidašše,umm+all+id+a+šše,u.B.,.ABS,noun
ummallidašše,umm-all-ed-a-šše,u.B.,all-FUT-3A.SG-NMLZ.ABS,verb
ummana,umm-an-a,stehen,CAUS-3A.SG,verb
ummana,umm-an-a,stehen,an-3A.SG,verb
ummana,umm-an-a,stehen,an-INT,verb
ummana,ummani-a,Truppe,ESS,noun
ummana,ummani-a,u.B.,ESS,noun
ummandu,umm-an-id-o,stehen,CAUS-PL.A-TR.PFV,verb
ummandu,umm-an-id-o,stehen,an-PL.A-TR.PFV,verb
ummanidu,umm-an-id-o,stehen,CAUS-PL.A-TR.PFV,verb
ummanidu,umm-an-id-o,stehen,an-PL.A-TR.PFV,verb
umminnāža,omini-na-až-a,Land,RELAT.PL-PL-DAT/ESS,noun
umve,umve,u.B.,.ABS,noun
una,un-a,kommen; bringen,INT,verb
unadel,un-a=dil,kommen; bringen,INT=1PL.ABS,verb
unam,un-a=m,kommen; bringen,INT.IMP=2SG.ABS,verb
unam,un-a=m,kommen; bringen,INT.IMP=CON,verb
unam,un-a=m,kommen; bringen,INT=2SG.ABS,verb
unam,un-a=m,kommen; bringen,INT=CON,verb
undūl,ondu=l,nun,=3PL.ABS,CONJ
unel,un-i=l,kommen; bringen,TR.IMP=3PL.ABS,verb
unib,un-i-b,kommen; bringen,ANTIP-b,verb
univadān,un-i-eva=d=an,kommen; bringen,MOD.AG-POT=1SG.ABS=CON,verb
univatta,un-i-eva=tta,kommen; bringen,MOD.AG-POT=1SG.ABS,verb
univia,univi-i-a,u.B.,3POSS.SG-ESS,noun
uniġiani,un+i+ġe-i-ane,u.B.,3POSS.SG-ABL/INS,noun
uniġiž,un+i+ġe-i-ž,u.B.,3POSS.SG-ERG,noun
uniġiž,un+i+ġe-ž,u.B.,ERG,noun
unnu,onnu,nun,,CONJ
unušḫuž,un+o+šḫe-ož,u.B.,EQU,noun
unuž,un-o-ež,kommen; bringen,MOD.PAT-OPT,verb
unīdu,un-id-o,kommen; bringen,PL.A-TR.PFV,verb
unōži,un-ož-i,kommen; bringen,PST-ANTIP,verb
ura,ur-a,existieren,INT,verb
ura,uri-a,u.B.,ESS,noun
uraēna,uraē-na,u.B.,RELAT.PL.ABS,noun
urel,uri-i=l,Fuß,3POSS.SG.ABS=3PL.ABS,noun
urgi,urgi,u.B.,.ABS,noun
urgina,urgi-na,u.B.,RELAT.PL.ABS,noun
uri,ur-i,u.B.,ANTIP,verb
uri,ur-i,wünschen,ANTIP,verb
uri,ur-i,zeigen,ANTIP,verb
uri,ure,Mitteilung?; Vorhersage?,.ABS,noun
uri,uri,Fuß,.ABS,noun
uri,uri,u.B.,.ABS,noun
uria,ure-a,Mitteilung?; Vorhersage?,ESS,noun
uriba,uri-i-va,Fuß,3POSS.SG-DAT,noun
uriba,uri-v-a,Fuß,2POSS.SG-ESS,noun
uriba,uri-va,Fuß,DAT,noun
urida,uri-i-da,Fuß,3POSS.SG-DIR,noun
urina,ure-na,Mitteilung?; Vorhersage?,RELAT.PL.ABS,noun
uriu,ur-i-o,wünschen,TR-2A.SG,verb
uru,or-o,u.B.,MOD.PAT,verb
uru,or-u,u.B.,MED,verb
urukku,ur-o-kko,existieren,INT-NEG,verb
urunni,or+o+nni,hinterer; Rückseite,.ABS,noun
urunniaž,or+o+nni-i-ane,hinterer; Rückseite,3POSS.SG-ABL/INS,noun
urunniaž,or+o+nni-i-až,hinterer; Rückseite,3POSS-PL.ABS,noun
urunnida,or+o+nni-da,hinterer; Rückseite,DIR,noun
urunnida,or+o+nni-i-da,hinterer; Rückseite,3POSS.SG-DIR,noun
urunnin,or+o+nni-n,hinterer; Rückseite,ABL/INS,noun
urunnin,or+o+nni=n,hinterer; Rückseite,.ABS=3SG.ABS,noun
urunnin,or+o+nni=n,hinterer; Rückseite,.ABS=CON,noun
ururmilīaž,orurmili-i-až,u.B.,3POSS-PL.ABS,noun
uruwa,ur-u-a,zeigen,MED-3A.SG,verb
uruġeda,ur-oġ-ed-a,existieren,oġ-FUT-3A.SG,verb
uruġida,ur-oġ-ed-a,existieren,oġ-FUT-3A.SG,verb
uruġēda,ur-oġ-ed-a,existieren,oġ-FUT-3A.SG,verb
urāe,ure-ae,Mitteilung?; Vorhersage?,INS,noun
urġa,ūrġi-a,wahr,ESS,noun
urīda,uri-i-da,Fuß,3POSS.SG-DIR,noun
urūbi,urūbi,u.B.,.ABS,noun
urūkku,ur-o-kko,existieren,INT-NEG,verb
utḫarra,utḫari-na,Zeichen?,RELAT.PL.ABS,noun
uwa,uwi-a,Brot,ESS,noun
uwal,uw-a=l,essen,INT=3PL.ABS,verb
uwal,uwi-a=l,Brot,ESS=3PL.ABS,noun
uwallinni,uw+all+i+nni,u.B.,.ABS,noun
uwallinni,uwalli-nni,u.B.,ASS,noun
uwamuwā,uw-i,essen,ANTIP,verb
uwamuwā,uwi-a=m,Brot,ESS=2SG.ABS,noun
uwamuwā,uwi-a=m,Brot,ESS=CON,noun
uwanāža,uwi-na-až-a,Brot,RELAT.PL-PL-DAT/ESS,noun
uwanāža,uwi-na-až-a,u.B.,RELAT.PL-PL-DAT/ESS,noun
uwenež,ove-ne-ž,töricht,RELAT.SG-ERG,ADJ
uwom,ub-o-m,töten; schlachten,TR.PFV-3A.SG,verb
uwā,uwi-a,Brot,ESS,noun
uwāl,uw-a=l,essen,INT=3PL.ABS,verb
uwāl,uwi-a=l,Brot,ESS=3PL.ABS,noun
uwōm,ub-o-m,töten; schlachten,TR.PFV-3A.SG,verb
uzi,uzi,Fleisch,.ABS,noun
uēkki,uwēkki,u.B.,.ABS,noun
uētta,uw+ētt-a,hungrig sein,INT,verb
uētta,uwētti-a,hungrig,ESS,noun
uēttani,uw+ett+a+ni,u.B.,.ABS,noun
uġarra,uġari-na,u.B.,RELAT.PL.ABS,noun
uġi,uġi,Schwein,.ABS,noun
uġni,oġ+ni,u.B.,.ABS,noun
uġōni,oġ+o+ni,Weh(geschrei),.ABS,noun
uġōššāi,oġ+ō+šše-ae,u.B.,INS,noun
uīb,uwi-v,Brot,2POSS.SG.ABS,noun
uīrrivenāža,uwīri-ne-ve-na-až-a,u.B.,RELAT.SG-GEN-RELAT.PL-PL-DAT/ESS,noun
uīž,uwi-ž,Brot,ERG,noun
uštab,ošt-a-b,aufstehen; erheben; fortbringen; herausgehen,INT-b,verb
uštae,ošt-i-ae,aufstehen; erheben; fortbringen; herausgehen,MOD.AG-PURP,verb
uštanēdi,ošt-an-ed-i,aufstehen; erheben; fortbringen; herausgehen,an-FUT-ANTIP,verb
uštaššin,ošt+a+šše-n,Heldentum,ABL/INS,noun
uštaššin,ošt+a+šše=n,Heldentum,.ABS=3SG.ABS,noun
uštaššin,ošt+a+šše=n,Heldentum,.ABS=CON,noun
uštedia,ošt-ed-i-a,aufstehen; erheben; fortbringen; herausgehen,FUT-TR-3A.SG,verb
uštedia,uštedi-i-a,u.B.,3POSS.SG-ESS,noun
uštiġi,ošt+i+ġe,Erhebung?,.ABS,noun
ušturab,ošt-ur-a-b,aufstehen; erheben; fortbringen; herausgehen,ur-INT-b,verb
uštāb,ošt-a-b,aufstehen; erheben; fortbringen; herausgehen,INT-b,verb
uššeššinida,ušš+e+šše-ne-da,u.B.,RELAT.SG-DIR,noun
uššiġina,ušš+i+ġe-na,u.B.,RELAT.PL.ABS,noun
uššulēž,ušš-o-l-ež,u.B.,MOD.PAT-l-OPT,verb
uššōm,ušš-o-m,u.B.,TR.PFV-3A.SG,verb
uššōm,ōšš-o-m,gehen,TR.PFV-3A.SG,verb
ušḫuluppu,ušḫ-ol-uffu,u.B.,ol-1A.SG.NEG,verb
ušḫunež,ušḫu+ni-ž,Silber,ERG,noun
ušḫuni,ušḫu+ni,Silber,.ABS,noun
ušḫunnibāl,ušḫu+ni-ne-ve=l,Silber,RELAT.SG-GEN=3PL.ABS,noun
ušḫunāe,ušḫu+ni-ae,Silber,INS,noun
ušḫārīda,ušḫ+ār+i-i-da,u.B.,3POSS.SG-DIR,noun
ušḫōni,ušḫu+ni,Silber,.ABS,noun
uža,už-a,u.B.,INT,verb
uža,uži-a,u.B.,ESS,noun
uženi,uže-ne,Fleisch?,ABL/INS,noun
uženi,uže-ne-e,Fleisch?,RELAT.SG-DIR/LOC,noun
užu,už-u,u.B.,MED,verb
užunnibina,už+o+ni-ne-ve-na,u.B.,RELAT.SG-GEN-RELAT.PL.ABS,noun
užunnibina,už+o+nni-ve-na,u.B.,GEN-RELAT.PL.ABS,noun
užōna,už+o+ni-a,u.B.,ESS,noun
užōna,už-on-a,u.B.,on-3A.SG,verb
užōna,už-on-a,u.B.,on-INT,verb
ābi,avi,Gesicht,.ABS,noun
ābi,avi,vor,,POST
ābi,avi,vor,,PREP
ābi,āb-i,u.B.,ANTIP,verb
ābi,ābi,Opfergrube,.ABS,noun
ābida,avi-i-da,Gesicht,3POSS.SG-DIR,noun
ābri,abri,u.B.,.ABS,noun
ābēni,ābē-ne,Opfergrube?,ABL/INS,noun
ābēni,ābē-ne-e,Opfergrube?,RELAT.SG-DIR/LOC,noun
ādaž,atta-ž,Vater?,ERG,noun
āi,ai,falls; wenn,,CONJ
āima,ai=ma,falls; wenn,=CON,CONJ
ākki,ākki,PRON.ALT,.ABS,PRON
āllaniva,Āllāni-va,DN,DAT,noun
āllāni,Āllāni,DN,.ABS,noun
āllānima,Āllāni=ma,DN,.ABS=CON,noun
āllānni,Āllāni-ne-e,DN,RELAT.SG-DIR/LOC,noun
ālva,ālv-a,u.B.,INT,verb
ālva,ālvi-a,u.B.,ESS,noun
ālzib,ālz-i-b,u.B.,ANTIP-b,verb
ālġi,alġi,u.B.,.ABS,noun
ālōri,al+o+re,u.B.,.ABS,noun
ālūšti,alu-ušt-i,sprechen,RES-TR.IMP,verb
ālžialli,ālžīālli,Widersprecher?,.ABS,noun
āmba,āmb-a,brennen; verbrennen,INT,verb
āmba,āmbi-a,u.B.,ESS,noun
āmi,am-i,u.B.,ANTIP,verb
āmi,āmi,u.B.,.ABS,noun
āmmanniniva,āmm+a+nni-ne-va,u.B.,RELAT.SG-DAT,noun
āmmīb,amm-i-b,erreichen; gelangen lassen,ANTIP-b,verb
āmmīnīn,āmmī-ne-n,zuvor,RELAT.SG-ABL/INS,ADV
āmmīnīn,āmmī-ne=n,zuvor,ABL/INS=3SG.ABS,ADV
āmmōm,amm-o-m,erreichen; gelangen lassen,TR.PFV-3A.SG,verb
āni,Āni,u.B.,.ABS,noun
ānnež,Ani-ne-ž,DN,RELAT.SG-ERG,noun
ānnu,ānnu,u.B.,,ADV
ānnu,ānnu,u.B.,,CONJ
ānzamma,anz-a=mma,u.B.,INT=2SG.ABS,verb
ānzamma,anz-a=mma,u.B.,INT=CON,verb
ānzamma,anzi-a=mma,u.B.,ESS=2SG.ABS,noun
ānzamma,anzi-a=mma,u.B.,ESS=CON,noun
ānzida,anzi-da,u.B.,DIR,noun
ānžalāl,ānž+ali-a=l,u.B.,ESS=3PL.ABS,noun
ānžalāl,ānž-al-a=l,u.B.,al-3A.SG=3PL.ABS,verb
ānžalāl,ānž-al-a=l,u.B.,al-INT=3PL.ABS,verb
āpsukkuž,āpsukki-ož,u.B.,EQU,noun
āpši,apše,Schlange,.ABS,noun
ārari,ārari,das Böse,.ABS,noun
ārdenibina,arde-ne-ve-na,Stadt,RELAT.SG-GEN-RELAT.PL.ABS,noun
ārdi,arde,Stadt,.ABS,noun
ārdi,arde-i,Stadt,3POSS.SG.ABS,noun
ārdibinešša,arde-i-ve-ne-ž=nna,Stadt,3POSS.SG-GEN-RELAT.SG-ERG=3SG.ABS,noun
ārdima,arde=ma,Stadt,.ABS=CON,noun
ārdivošša,arde-iffu-ž=nna,Stadt,1POSS.SG-ERG=3SG.ABS,noun
ārdēni,arde-ne,Stadt,ABL/INS,noun
ārdēni,arde-ne-e,Stadt,RELAT.SG-DIR/LOC,noun
ārdīdan,arde-i-dan,Stadt,3POSS.SG-ABL,noun
ārdīdani,arde-i-dan,Stadt,3POSS.SG-ABL,noun
ārdīma,arde-i=ma,Stadt,3POSS.SG.ABS=CON,noun
āri,ar-i,geben,ANTIP,verb
āri,ari,u.B.,.ABS,noun
āri,āri,das Böse,.ABS,noun
ārni,arni,Sünde,.ABS,noun
ārnil,ārni-i=l,u.B.,3POSS.SG.ABS=3PL.ABS,noun
ārrida,āri-ne-da,das Böse,RELAT.SG-DIR,noun
ārrivaž,ar-i-l-eva-ž,geben,MOD.AG-l-POT-ž,verb
āssarōḫḫa,āss+ar+ō+ḫḫe-a,u.B.,ESS,noun
āssīri,assīri,Gefangener,.ABS,noun
āttanima,atta+ni=ma,Vater,.ABS=CON,noun
āu,aō,Siehe!,,INTJ
āvi,avi,Gesicht,.ABS,noun
āvi,avi,vor,,POST
āvi,avi,vor,,PREP
āġaštetta,aʾ-ašt-ed-d-a,u.B.,RES-FUT-PL.A-3A,verb
āġaštetta,aʾ-ašt-i=tta,u.B.,RES-ANTIP=1SG.ABS,verb
āġmižarriž,āġmižari-ne-ž,u.B.,RELAT.SG-ERG,noun
āġra,aġri-a,Weihrauch,ESS,noun
āġri,aġri,Weihrauch,.ABS,noun
āġrib,aġri-v,Weihrauch,2POSS.SG.ABS,noun
āġribuž,aġri-ve-ož,Weihrauch,GEN-EQU,noun
āġridal,aġri-da=l,Weihrauch,DIR=3PL.ABS,noun
āġridal,aġri-i-da=l,Weihrauch,3POSS.SG-DIR=3PL.ABS,noun
āġrudum,āġr-ud-o-m,weihräuchern,NEG-TR.PFV-3A.SG,verb
āġrudum,āġr-ud-o-m,weihräuchern,ud-TR.PFV-3A.SG,verb
āġrāi,aġri-ae,Weihrauch,INS,noun
āġrāilī,aġrā-i-le,weihräuchern,MOD.AG-1JUSS,verb
āškili,ašk-i-le,fragen?; zur Rede stellen?,MOD.AG-1JUSS,verb
āšta,āšte-a,(Ehe)frau,ESS,noun
āštagādab,aštaga-da=m,Frau,DIR=CON,noun
āštanōdum,ašt-an-ud-o-m,u.B.,an-NEG-TR.PFV-3A.SG,verb
āštanōdum,nūd-o-m,u.B.,TR.PFV-3A.SG,verb
āštanōdum,āšte-a,(Ehe)frau,ESS,noun
āštašḫini,āšt+a+šḫe-ne,weiblicher Attribute,ABL/INS,noun
āštašḫini,āšt+a+šḫe-ne-e,weiblicher Attribute,RELAT.SG-DIR/LOC,noun
āšte,āšte,(Ehe)frau,.ABS,noun
āštenibi,āšte-ne-ve,(Ehe)frau,RELAT.SG-GEN,noun
āštenivan,āšte-ne-va=an,(Ehe)frau,RELAT.SG-DAT=CON,noun
āštenivan,āšte-ne-va=n,(Ehe)frau,RELAT.SG-DAT=3SG.ABS,noun
āštenna,āšte-i-nna,(Ehe)frau,3POSS.SG-EQU2,noun
āštenna,āšte-nna,(Ehe)frau,EQU2,noun
āšti,āšte,(Ehe)frau,.ABS,noun
āšti,āšte-i,(Ehe)frau,3POSS.SG.ABS,noun
āštiba,āšte-va,(Ehe)frau,DAT,noun
āštippa,āšte-v=ma,(Ehe)frau,2POSS.SG.ABS=CON,noun
āštuḫḫi,ašt+o+ḫḫe,weiblich,.ABS,ADJ
āštuḫḫēna,ašt+o+ḫḫe-na,weiblich,RELAT.PL.ABS,ADJ
āštīva,āšte-i-va,(Ehe)frau,3POSS.SG-DAT,noun
āšša,āšši-a,u.B.,ESS,noun
āššaežal,āšš-i-ae-ž-a=l,"(ab)waschen, reinigen",MOD.AG-PURP-ž-EPNTH=3PL.ABS,verb
āššaniba,āšš-an-i-eva,u.B.,an-MOD.AG-POT,verb
āššaniba,āššani-i-va,u.B.,3POSS.SG-DAT,noun
āššaniba,āššani-v-a,u.B.,2POSS.SG-ESS,noun
āššaniba,āššani-va,u.B.,DAT,noun
āššiden,āšš-id-en,"(ab)waschen, reinigen",PL.A-3JUSS,verb
āššidin,āšš-id-en,"(ab)waschen, reinigen",PL.A-3JUSS,verb
āššōlāež,āšš-o-l-ae-ž,"(ab)waschen, reinigen",MOD.PAT-l-PURP-ž,verb
āššōribi,āššōri-ve,u.B.,GEN,noun
āšḫa,āšḫi-a,u.B.,ESS,noun
āšḫiniba,āšḫi-ne-va,u.B.,RELAT.SG-DAT,noun
āšḫitḫini,āšḫ+i+tḫe-ne,u.B.,ABL/INS,noun
āšḫitḫini,āšḫ+i+tḫe-ne-e,u.B.,RELAT.SG-DIR/LOC,noun
āšḫu,ašḫo,oben,,ADV
āšḫun,ašḫo-n,oben,ABL/INS,ADV
āšḫun,ašḫo=n,oben,=3SG.ABS,ADV
āšḫun,ašḫo=n,oben,=CON,ADV
āšḫuž,āšḫ-o-ež,opfern,MOD.PAT-OPT,verb
āšḫužikkunni,āšḫ+ož+i+kk+o+nni,Ritualherr(in),.ABS,noun
āšḫužikkunnima,āšḫ+ož+i+kk+o+nni=ma,Ritualherr(in),.ABS=CON,noun
āšḫužikkunninibi,āšḫ+ož+i+kk+o+nni-ne-ve,Ritualherr(in),RELAT.SG-GEN,noun
āšḫužikkunninibinida,āšḫ+ož+i+kk+o+nni-ne-ve-ne-da,Ritualherr(in),RELAT.SG-GEN-RELAT.SG-DIR,noun
āšḫīma,āšḫi-i=ma,"Fell, Haut",3POSS.SG.ABS=CON,noun
āšḫō,ašḫo,oben,,ADV
āšḫōmain,āšḫ-o+m+ae-n,opfern,CVB-n,verb
āšḫōmain,āšḫ-o+m+ae=n,opfern,CVB=3SG.ABS,verb
āšḫōmainibinidal,āšḫ+ō+m+ai+ni-ve-ne-da=l,opfernd,GEN-RELAT.SG-DIR=3PL.ABS,noun
āšḫōmainibinidal,āšḫ+ō+m+ai-ne-ve-ne-da=l,opfernd,RELAT.SG-GEN-RELAT.SG-DIR=3PL.ABS,noun
āže,āže,Fett,.ABS,noun
āžri,āžri,u.B.,.ABS,noun
āžōri,až-o-re,"abwischen, reinigen",PAT-PTCP.ABS,verb
ēarrivenama,ēari-ne-ve-na=ma,Löwe,RELAT.SG-GEN-RELAT.PL.ABS=CON,noun
ēarži,ēar+že,Löwenhaftigkeit,.ABS,noun
ēbla,Ēbla,GN,.ABS,noun
ēblam,Ēbla=m,GN,.ABS=CON,noun
ēblan,Ēbla=n,GN,.ABS=3SG.ABS,noun
ēblava,Ēbla-va,GN,DAT,noun
ēblāl,Ēbla-a=l,GN,ESS=3PL.ABS,noun
ēbrešši,evr+in+že,Herrschaft,.ABS,noun
ēbrež,evri-i-ž,Herr,3POSS.SG-ERG,noun
ēbrež,evri-ž,Herr,ERG,noun
ēbri,evri,Herr,.ABS,noun
ēbrida,evri-i-da,Herr,3POSS.SG-DIR,noun
ēbrinna,ever+ni-na,König,RELAT.PL.ABS,noun
ēbrinnaža,ever+ni-na-až-a,König,RELAT.PL-PL-DAT/ESS,noun
ēbrinniba,ever+ni-ne-va,König,RELAT.SG-DAT,noun
ēbrinniž,ever+ni-ne-ž,König,RELAT.SG-ERG,noun
ēbrināžōnna,ever+ni-na-až-onna,König,RELAT.PL-PL-EQU2,noun
ēbriva,evri-i-va,Herr,3POSS.SG-DAT,noun
ēbrivē,evri-i-ve,Herr,3POSS.SG-GEN,noun
ēbrivē,evri-ve,Herr,GEN,noun
ēbriž,evri-ž,Herr,ERG,noun
ēbrēda,evri-i-da,Herr,3POSS.SG-DIR,noun
ēbrīda,evri-i-da,Herr,3POSS.SG-DIR,noun
ēdni,id+ni,Körper,.ABS,noun
ēdu,ed-o,u.B.,MOD.PAT,verb
ēdu,ed-u,u.B.,MED,verb
ēkkinēn,egi-ne-n,Inneres; Mitte; innere,RELAT.SG-ABL/INS,noun
ēkkinēn,ēkke-ne-n,u.B.,RELAT.SG-ABL/INS,noun
ēlgi,ēlgi,Applikation,.ABS,noun
ēlgi,ēlgi-i,Applikation,3POSS.SG.ABS,noun
ēlgilla,ēlgi-i=lla,Applikation,3POSS.SG.ABS=3PL.ABS,noun
ēlgilla,ēlgi=lla,Applikation,.ABS=3PL.ABS,noun
ēlgāe,ēlgi-ae,Applikation,INS,noun
ēlmina,elmi-na,Eid; Schwur,RELAT.PL.ABS,noun
ēlmirġi,elm+ir+ġe,Eidgemäßer(?),.ABS,noun
ēmmanzeneva,eman+že-ne-va,zehnter,RELAT.SG-DAT,NUM
ēnna,eni-na,Gottheit,RELAT.PL.ABS,noun
ēnnigaldi,ennigaldi,u.B.,.ABS,noun
ēnnāšta,eni-na-až-da,Gottheit,RELAT.PL-PL-DIR,noun
ēnzarra,en+zari-na,Götterschaft,RELAT.PL.ABS,noun
ēnzāri,en+zari,Götterschaft,.ABS,noun
ēnġa,ēnġi-a,u.B.,ESS,noun
ēppiri,ēpp+i+re,u.B.,.ABS,noun
ēpḫenidan,ēpḫe-ne-dan,Ofen,RELAT.SG-ABL,noun
ēpḫēni,ēpḫe-ne,Ofen,ABL/INS,noun
ērbi,ervi,Hund,.ABS,noun
ērbinež,ervi-ne-ž,Hund,RELAT.SG-ERG,noun
ērbirippi,ērbiri-iffe,u.B.,1POSS.SG.ABS,noun
ērbirippi,ērbiri-v-ve,u.B.,2POSS.SG-GEN,noun
ērdukku,ēr-d-o-kko,u.B.,d-INT-NEG,verb
ērdukku,ērd-o-kko,u.B.,INT-NEG,verb
ērni,ērn-i,u.B.,ANTIP,verb
ērni,ērni,u.B.,.ABS,noun
ērġima,erġi=ma,u.B.,.ABS=CON,noun
ērġima,ērġ-i=ma,u.B.,ANTIP=CON,verb
ētkudulidašši,itk-ud-ol-ed-a-šše,reinigen,ud-ol-FUT-3A.SG-NMLZ.ABS,verb
ēārež,ēari-ž,Löwe,ERG,noun
ēġlianaž,eġli+ana-ž,Retter?,ERG,noun
ēḫḫa,ēḫḫi-a,u.B.,ESS,noun
ēḫḫinež,ēḫḫi-ne-ž,u.B.,RELAT.SG-ERG,noun
īa,īa,REL,,CONJ
īad,īa=d,REL,=1SG.ABS,CONJ
īad,īa=d,warum,=1SG.ABS,ADV
īama,īa=ma,REL,=CON,CONJ
īamma,īa=mma,REL,=2SG.ABS,CONJ
īamma,īa=mma,warum,=2SG.ABS,ADV
īani,īani,u.B.,,unclear
īblaba,Ēbla-va,GN,DAT,noun
īllulia,īll+uli-i-a,u.B.,3POSS.SG-ESS,noun
īllulia,īll-ol-i-a,u.B.,ol-TR-3A.SG,verb
īnippinid,ieni-v-ve-ne-e=d,u.B.,2POSS.SG-GEN-RELAT.SG-DIR/LOC=1SG.ABS,noun
īnnannam,īnna=nna=m,so,=3SG.ABS=CON,ADV
īnzari,en+zari,Götterschaft,.ABS,noun
īnzarra,en+zari-na,Götterschaft,RELAT.PL.ABS,noun
īpšadenen,īpšade-ne-n,u.B.,RELAT.SG-ABL/INS,noun
īrdib,irde-v,Zunge,2POSS.SG.ABS,noun
īād,īa=d,warum,=1SG.ABS,ADV
īštanida,ištani-i-da,Inneres,3POSS.SG-DIR,noun
īštennān,išt-i-en=nna=an,u.B.,MOD.AG-3JUSS=3SG.ABS=CON,verb
īštennān,ište=nna=an,1PRON.SG,.ABS=3SG.ABS=CON,PRON
ōlli,oli-ne,anderer,ABL/INS,PRON
ōlli,oli-ne-e,anderer,RELAT.SG-DIR/LOC,PRON
ōllini,oli-ne-ne,anderer,RELAT.SG-ABL/INS,PRON
ōllini,ōlli-ne,u.B.,ABL/INS,noun
ōllini,ōlli-ne-e,u.B.,RELAT.SG-DIR/LOC,noun
ōlluġaīnna,oll+uġ-i-ae=nna,abwischen; niederdrücken,MOD.AG-PURP=3SG.ABS,verb
ōlluġum,oll+uġ-o-m,abwischen; niederdrücken,TR.PFV-3A.SG,verb
ōlluġužellandin,oll+uġ-ož-ill-and-i-n,abwischen; niederdrücken,ož-ill-PL.A-MOD.AG-n,verb
ōlluġužellandin,oll+uġ-ož-ill-and-i=n,abwischen; niederdrücken,ož-ill-PL.A-MOD.AG=3SG.ABS,verb
ōlluḫḫa,ōll+o+ḫḫe-a,niedergedrückt?,ESS,ADJ
ōlma,ōl+mi-a,Waffe,ESS,noun
ōlma,ōlm-a,u.B.,INT,verb
ōlma,ūl+me-a,Sklavin; Dienerin,ESS,noun
ōlmišši,ōl+mi-šši,Waffe,2POSS.PL.ABS,noun
ōmmennivā,omini-ne-va,Land,RELAT.SG-DAT,noun
ōmminna,omini-na,Land,RELAT.PL.ABS,noun
ōnduma,ondu=ma,nun,=CON,CONJ
ōnnu,onnu,nun,,CONJ
ōrdab,ōr+d-a-b,u.B.,INT-b,verb
ōrdab,ōr+d-a=m,u.B.,INT=2SG.ABS,verb
ōrdab,ōr+d-a=m,u.B.,INT=CON,verb
ōrdappanan,ōr+d-a=ffa=nan,u.B.,3A.SG=2PL.ABS=CON,verb
ōrdappanan,ōr+d-a=ffa=nan,u.B.,INT=2PL.ABS=CON,verb
ōrdeba,ōr+d-i-eva,u.B.,MOD.AG-POT,verb
ōrdōbōr,ōr+d-o-vor,u.B.,INT-NEG,verb
ōrdōž,ōr+d-o-ež,u.B.,MOD.PAT-OPT,verb
ōrgini,ōrgi-ne,u.B.,ABL/INS,noun
ōrginin,Ōrgi-ne-n,GN,RELAT.SG-ABL/INS,noun
ōġni,ōġ+ni,Weh(geschrei),.ABS,noun
ōštannōġa,ōšt+a+nn+ō+ġe-a,"Held, heldenhaft",ESS,noun
ōštannōġa,ōšt+ann-oġ-a,heldenhaft machen?,oġ-3A.SG,verb
ōštannōġa,ōšt+ann-oġ-a,heldenhaft machen?,oġ-INT,verb
ōštu,ošt-o,aufstehen; erheben; fortbringen; herausgehen,MOD.PAT,verb
ōštu,ošt-u,aufstehen; erheben; fortbringen; herausgehen,MED,verb
ōšše,ōšš-e,gehen,STAT,verb
ōšši,ōšš-i,gehen,ANTIP,verb
ōšši,ōšš-i,gehen,TR.IMP,verb
ōšši,ōšš-i,u.B.,ANTIP,verb
ōšši,ōšš-i,u.B.,TR.IMP,verb
ōšši,ōšši,u.B.,.ABS,noun
ōššukkam,ōšš-o-kko=m,gehen,INT-NEG=2SG.ABS,verb
ōššukkam,ōšš-o-kko=m,gehen,INT-NEG=CON,verb
ōššunila,ōšš+o+ni-i=lla,u.B.,3POSS.SG.ABS=3PL.ABS,noun
ōššunila,ōšš-on-i=lla,gehen,on-ANTIP=3PL.ABS,verb
ōššunila,ōšš-on-il-a,gehen,on-il-3A.SG,verb
ōššunila,ōšš-on-il-a,gehen,on-il-INT,verb
ōššunila,ōššunili-a,u.B.,ESS,noun
ōššužanna,ōšš+o+že-a=nna,u.B.,ESS=3SG.ABS,noun
ōššužanna,ōššuž+a+ni-na,u.B.,RELAT.PL.ABS,noun
ōššužanna,ōššuž+a+nni-a,u.B.,ESS,noun
ōššōmai,ōšš-o+m+ae,gehen,CVB,verb
ōššōšti,ōšš-ošt-i,gehen,RES-ANTIP,verb
ōššōšti,ōšš-ošt-i,gehen,RES-TR.IMP,verb
ōšḫunōž,ušḫu+ni-ož,Silber,EQU,noun
ōžnai,ōžni-ae,u.B.,INS,noun
šabadnimma,šabad+ni=mma,u.B.,.ABS=2SG.ABS,noun
šabalanida,šab+al+a+ni-da,u.B.,DIR,noun
šabalanida,šab+al+a+ni-i-da,u.B.,3POSS.SG-DIR,noun
šaballi,šavli-ne-e,Jahr,RELAT.SG-DIR/LOC,noun
šabenāe,šabeni-ae,u.B.,INS,noun
šabinuwaġinaž,Šabinuwa-ġe-ne-ž,GN,ADJ-RELAT.SG-ERG,noun
šabinuwaġinibina,Šabinuwa-ġe-ne-ve-na,GN,ADJ-RELAT.SG-GEN-RELAT.PL.ABS,noun
šabla,šavli-a,Jahr,ESS,noun
šablāe,šavli-ae,Jahr,INS,noun
šaburna,šabur+ni-a,u.B.,ESS,noun
šadanniž,šadani-ne-ž,u.B.,RELAT.SG-ERG,noun
šaderida,šaderi-da,u.B.,DIR,noun
šaderida,šaderi-i-da,u.B.,3POSS.SG-DIR,noun
šadna,šadn-a,u.B.,INT,verb
šadna,šadni-a,u.B.,ESS,noun
šadānež,šadani-ž,u.B.,ERG,noun
šadōm,šad-o-m,ersetzen,TR.PFV-3A.SG,verb
šadōži,šad-ož-i,ersetzen,PST-ANTIP,verb
šagarēlla,šag+ar+i-i=lla,u.B.,3POSS.SG.ABS=3PL.ABS,noun
šagumženež,šag+um+že-ne-ž,u.B.,RELAT.SG-ERG,noun
šagužellandin,šag-ož-ill-and-i-n,u.B.,ož-ill-PL.A-MOD.AG-n,verb
šagužellandin,šag-ož-ill-and-i=n,u.B.,ož-ill-PL.A-MOD.AG=3SG.ABS,verb
šallaena,šallae-na,verschluckte,RELAT.PL.ABS,ADJ
šallaenen,šallae-ne-n,verschluckte,RELAT.SG-ABL/INS,ADJ
šallaēnel,šallaie-ne-e=l,u.B.,RELAT.SG-DIR/LOC=3PL.ABS,noun
šallaēnel,šallaie-ne=l,u.B.,ABL/INS=3PL.ABS,noun
šalġulēž,šalġ-o-l-ež,hören auf,MOD.PAT-l-OPT,verb
šalġōla,šalġ-ol-a,hören auf,ol-INT.IMP,verb
šapḫaldib,šapḫaldi-v,linke Seite; links,2POSS.SG.ABS,noun
šara,šāri-a,u.B.,ESS,noun
šarnitḫe,šarn+i+tḫe,u.B.,.ABS,noun
šarra,šarr-a,u.B.,INT,verb
šarra,šarri-a,Gottkönig,ESS,noun
šarrašši,šarr+a+šše,Königtum,.ABS,noun
šarraššinin,šarr+a+šše-ne-e=n,Königtum,RELAT.SG-DIR/LOC=3SG.ABS,noun
šarraššinin,šarr+a+šše-ne-e=n,Königtum,RELAT.SG-DIR/LOC=CON,noun
šarraššinin,šarr+a+šše-ne-n,Königtum,RELAT.SG-ABL/INS,noun
šarraššinin,šarr+a+šše-ne=n,Königtum,ABL/INS=3SG.ABS,noun
šarraššinin,šarr+a+šše-ne=n,Königtum,ABL/INS=CON,noun
šarri,šarr-i,u.B.,ANTIP,verb
šarri,šarri,Gottkönig,.ABS,noun
šarri,šāri-ne,u.B.,ABL/INS,noun
šarri,šāri-ne-e,u.B.,RELAT.SG-DIR/LOC,noun
šarriaž,šarri-i-až,Gottkönig,3POSS-PL.ABS,noun
šarrina,šarri-na,Gottkönig,RELAT.PL.ABS,noun
šarrinež,šarri-ne-ž,Gottkönig,RELAT.SG-ERG,noun
šarriniba,šarri-ne-va,Gottkönig,RELAT.SG-DAT,noun
šarrinibi,šarri-ne-ve,Gottkönig,RELAT.SG-GEN,noun
šarrinida,šarri-ne-da,Gottkönig,RELAT.SG-DIR,noun
šarrināže,šarri-na-až-ve,Gottkönig,RELAT.PL-PL-GEN,noun
šarrumman,Šarrumma=n,DN,.ABS=3SG.ABS,noun
šarrēna,šarri-na,Gottkönig,RELAT.PL.ABS,noun
šarrēna,šarrē-na,u.B.,RELAT.PL.ABS,noun
šarāmmēni,šarāmmē-ne,u.B.,ABL/INS,noun
šarāmmēni,šarāmmē-ne-e,u.B.,RELAT.SG-DIR/LOC,noun
šarārma,šarārmi-a,u.B.,ESS,noun
šarža,šarže-a,u.B.,ESS,noun
šaržāraima,Šaržārai=ma,DN,.ABS=CON,noun
šaržāraima,Šaržāraima,DN,.ABS,noun
šattaġamōra,šattaġamōri-a,u.B.,ESS,noun
šatteda,šātt-ed-a,ergreifen,FUT-3A.SG,verb
šatti,šatti,1PRON.PL,.ABS,PRON
šatti,šātt-i,ergreifen,ANTIP,verb
šattidel,šatti=dil,1PRON.PL,.ABS=1PL.ABS,PRON
šattub,šātt-o-m,ergreifen,TR.PFV-3A.SG,verb
šattum,šātt-o-m,ergreifen,TR.PFV-3A.SG,verb
šauška,Šavoška,DN,.ABS,noun
šauškada,Šavoška-da,DN,DIR,noun
šauškāda,Šavoška-da,DN,DIR,noun
šavadnimma,šavad+ni=mma,u.B.,.ABS=2SG.ABS,noun
šavallāži,šavli-na-až-ve,Jahr,RELAT.PL-PL-GEN,noun
šavuškava,Šavoška-va,DN,DAT,noun
šavālla,šavli-na,Jahr,RELAT.PL.ABS,noun
šavōžiniva,šav+ō+že-ne-va,erhaben,RELAT.SG-DAT,noun
šazira,taziri-a,u.B.,ESS,noun
šazira,šaziri-a,u.B.,ESS,noun
šaġadnadi,šaġad+n+adi,Hälfte,.ABS,noun
šaġurunuwaba,Šaġurunuwa-va,PN,DAT,noun
šašfe,šašfe,Zicklein,.ABS,noun
šašfe,šašfe,u.B.,.ABS,noun
šažanōva,šaž-an-o-eva,u.B.,an-MOD.PAT-POT,verb
šažarri,šažari-ne-e,Säge,RELAT.SG-DIR/LOC,noun
šebāra,šeb+ār+i-a,u.B.,ESS,noun
šebāra,šeb-ar-a,u.B.,ITER-3A.SG,verb
šebāra,šeb-ar-a,u.B.,ITER-INT,verb
šela,šel-a,u.B.,INT,verb
šela,šeli-a,u.B.,ESS,noun
šelli,šelli,Haus,.ABS,noun
šellida,šelli-da,Haus,DIR,noun
šellida,šelli-i-da,Haus,3POSS.SG-DIR,noun
šellin,šelli-n,Haus,ABL/INS,noun
šellini,šelli-ne,Haus,ABL/INS,noun
šellini,šelli-ne-e,Haus,RELAT.SG-DIR/LOC,noun
šelluġlupšenie,šell+o+ġ+l+o+pše-ne,u.B.,ABL/INS,noun
šelluġlupšenie,šell+o+ġ+l+o+pše-ne-e,u.B.,RELAT.SG-DIR/LOC,noun
šelluġlupšenie,šell+o+ġ+l+o+pše-ne-ve,u.B.,RELAT.SG-GEN,noun
šelluġulla,šell+o+ġ+o+li-na,Hausangehöriger?,RELAT.PL.ABS,noun
šelluššae,šell+o+šše-ae,u.B.,INS,noun
šelluššāi,šell+o+šše-ae,u.B.,INS,noun
šelužēda,šel+o+že-i-da,u.B.,3POSS.SG-DIR,noun
šelužēda,šel+o+žē-da,u.B.,DIR,noun
šelužēda,šel-ož-ed-a,u.B.,ož-FUT-3A.SG,verb
šelōlidu,šel-ol-id-o,u.B.,ol-PL.A-TR.PFV,verb
šena,šena,Bruder,.ABS,noun
šenda,šindi-a,sieben,ESS,NUM
šenda,šindi-a,sieben,INT,NUM
šenda,šindi-a,u.B.,ESS,noun
šendamennīn,Šendamenni=n,PN,.ABS=3SG.ABS,noun
šendena,šindi-na,sieben,RELAT.PL.ABS,NUM
šendiššēni,šindi+ššē-ne,siebter,ABL/INS,noun
šendiššēni,šindi+ššē-ne-e,siebter,RELAT.SG-DIR/LOC,noun
šendurum,šend-ur-o-m,u.B.,ur-TR.PFV-3A.SG,verb
šeniffi,šena-iffe,Bruder,1POSS.SG.ABS,noun
šenzūwatta,šen+z+ūwi-a=tta,zweiter,ESS=1SG.ABS,noun
šeridab,šer-ed-aw,zugrunde richten,FUT-1A.SG,verb
šerminġa,šermin+ġe-a,Zypresse?,ESS,noun
šerminġinež,šermin+ġe-ne-ž,Zypresse?,RELAT.SG-ERG,noun
šerrin,šēri-ne-n,jeder?,RELAT.SG-ABL/INS,noun
šerrāža,šēri-na-až-a,jeder?,RELAT.PL-PL-DAT/ESS,noun
šerrē,šēri-ne,jeder?,ABL/INS,noun
šerrē,šēri-ne-e,jeder?,RELAT.SG-DIR/LOC,noun
šervinaža,šervi-na-až-a,u.B.,RELAT.PL-PL-DAT/ESS,noun
šerġuž,šer+ġe-ož,u.B.,EQU,noun
šerġuž,šerġi-ož,u.B.,EQU,noun
šerže,šer+že,u.B.,.ABS,noun
šerženi,šer+že-ne-e,u.B.,RELAT.SG-DIR/LOC,noun
ševerrāže,ševeri-na-až-ve,u.B.,RELAT.PL-PL-GEN,noun
šeēnāžuž,šiye-na-až-ož,Wasser; Fluss,RELAT.PL-PL-ERG,noun
šeġala,šeġal-a,rein sein; reinigen,INT,verb
šeġala,šeġali-a,rein,ESS,ADJ
šeġalama,šeġal-a=ma,rein sein; reinigen,INT=CON,verb
šeġalama,šeġali-a=ma,rein,ESS=CON,ADJ
šeġalamma,šeġal-a=mma,rein sein; reinigen,INT=2SG.ABS,verb
šeġalamma,šeġali-a=mma,rein,ESS=2SG.ABS,ADJ
šeġalaššiġinimma,šeġal+a+šše+ġe-ne-e=mma,u.B.,RELAT.SG-DIR/LOC=2SG.ABS,noun
šeġalaššiġinimma,šeġal+a+šše+ġe-ne=mma,u.B.,ABL/INS=2SG.ABS,noun
šeġalulam,šeġal-ol-a=m,rein sein; reinigen,ol-INT=2SG.ABS,verb
šeġalulam,šeġal-ol-a=m,rein sein; reinigen,ol-INT=CON,verb
šeġalulaēž,šeġal-o-l-ae-ž,rein sein; reinigen,MOD.PAT-l-PURP-ž,verb
šeġalulāešša,šeġal-o-l-ae-ž=nna,rein sein; reinigen,MOD.PAT-l-PURP-ž=3SG.ABS,verb
šeġalulāež,šeġal-o-l-ae-ž,rein sein; reinigen,MOD.PAT-l-PURP-ž,verb
šeġalulēž,šeġal-o-l-ež,rein sein; reinigen,MOD.PAT-l-OPT,verb
šeġalummālla,šeġal-o-m-a=lla,rein sein; reinigen,TR.PFV-3A.SG-EPNTH=3PL.ABS,verb
šeġaluž,šeġal-o-ež,rein sein; reinigen,MOD.PAT-OPT,verb
šeġalužellandin,šeġal-ož-ill-and-i-n,rein sein; reinigen,ož-ill-PL.A-MOD.AG-n,verb
šeġalužellandin,šeġal-ož-ill-and-i=n,rein sein; reinigen,ož-ill-PL.A-MOD.AG=3SG.ABS,verb
šeġalā,šeġal-a,rein sein; reinigen,INT,verb
šeġalōlež,šeġal-o-l-ež,rein sein; reinigen,MOD.PAT-l-OPT,verb
šeġella,šeġli-na,rein; Reinheit,RELAT.PL.ABS,noun
šeġellibina,šeġli-ne-ve-na,rein; Reinheit,RELAT.SG-GEN-RELAT.PL.ABS,noun
šeġellibinažuž,šeġli-ne-ve-na-až-ož,rein; Reinheit,RELAT.SG-GEN-RELAT.PL-PL-ERG,noun
šeġellibāi,šeġli-ne-ve-ae,rein; Reinheit,RELAT.SG-GEN-INS,noun
šeġellina,šeġli-na,rein; Reinheit,RELAT.PL.ABS,noun
šeġellinidel,šeġli-ne-e=dil,rein; Reinheit,RELAT.SG-DIR/LOC=1PL.ABS,noun
šeġellinidel,šeġli-ne-ne=dil,rein; Reinheit,RELAT.SG-ABL/INS=1PL.ABS,noun
šeġellinidel,šeġli-ne=dil,rein; Reinheit,ABL/INS=1PL.ABS,noun
šeġellivina,šeġli-ne-ve-na,rein; Reinheit,RELAT.SG-GEN-RELAT.PL.ABS,noun
šeġelza,šeġel+zi-a,u.B.,ESS,noun
šeġira,šeġiri-a,u.B.,ESS,noun
šeġla,šeġ+l-a,eintreten,INT,verb
šeġla,šeġli-a,u.B.,ESS,noun
šeġlu,šeġ+l-u,eintreten,MED,verb
šeġri,šeġr-i,u.B.,ANTIP,verb
šeġri,šeġri,u.B.,.ABS,noun
šeġrulida,šeġr+oli-i-da,u.B.,3POSS.SG-DIR,noun
šeġrulida,šeġr-ol-ed-a,angenehm / großzügig sein,ol-FUT-3A.SG,verb
šeġruž,šeġr-o-ež,angenehm / großzügig sein,MOD.PAT-OPT,verb
šeġruž,šeġri-ož,angenehm; großzügig,EQU,noun
šeġurni,šeġor+ni,Leben,.ABS,noun
šeġurniba,šeġor+ni-i-va,Leben,3POSS.SG-DAT,noun
šeġurniba,šeġor+ni-va,Leben,DAT,noun
šeġurnibini,šeġor+ni-ve-ne-e,Leben,GEN-RELAT.SG-DIR/LOC,noun
šeġurnibāe,šeġor+ni-ve-ae,Leben,GEN-INS,noun
šeġurninni,šeġor+n+i+nni,u.B.,.ABS,noun
šeġurninni,šeġor+ni-nni,Leben,ASS,noun
šeġurnāe,šeġor+ni-ae,Leben,INS,noun
šeġurunnivini,šeġor+ni-ne-ve-ne-e,Leben,RELAT.SG-GEN-RELAT.SG-DIR/LOC,noun
šeġāla,šeġal-a,rein sein; reinigen,INT,verb
šeġōnāža,šeġōni-na-až-a,u.B.,RELAT.PL-PL-DAT/ESS,noun
šeġōrni,šeġor+ni,Leben,.ABS,noun
šeġōrnida,šeġor+ni-da,Leben,DIR,noun
šeġōrnida,šeġor+ni-i-da,Leben,3POSS.SG-DIR,noun
šešfe,šešfe,Zicklein,.ABS,noun
šeštena,šešti-na,u.B.,RELAT.PL.ABS,noun
šešteni,šešti-ne,u.B.,ABL/INS,noun
šešteni,šešti-ne-e,u.B.,RELAT.SG-DIR/LOC,noun
šeštuġalzini,šeštuġ+al+zi-ne,u.B.,ABL/INS,noun
šeštuġalzini,šeštuġ+al+zi-ne-e,u.B.,RELAT.SG-DIR/LOC,noun
šeššalli,šeššali-ne,u.B.,ABL/INS,noun
šeššalli,šeššali-ne-e,u.B.,RELAT.SG-DIR/LOC,noun
šeššalli,šeššalli,u.B.,.ABS,noun
šia,ši-a,u.B.,INT,verb
šia,ši-i-a,u.B.,TR-3A.SG,verb
šia,šiye,Wasser; Fluss,.ABS,noun
šia,šiye-a,Wasser; Fluss,ESS,noun
šia,šiye-i-a,Wasser; Fluss,3POSS.SG-ESS,noun
šia,šī-a,beobachten,INT,verb
šia,šī-i-a,beobachten,TR-3A.SG,verb
šiai,šiye-ae,Wasser; Fluss,INS,noun
šiali,šiali,u.B.,.ABS,noun
šialiribuwi,šial-i-re-iffu-ve,u.B.,AG-PTCP-1POSS.SG-GEN,verb
šialužum,šial-ož-o-m,u.B.,ož-TR.PFV-3A.SG,verb
šialēri,šial-i-re,u.B.,AG-PTCP.ABS,verb
šialōžum,šial-ož-o-m,u.B.,ož-TR.PFV-3A.SG,verb
šianeda,šiya-ne-da,Wasser; Fluss,RELAT.SG-DIR,noun
šiašši,šī-a-šše,beobachten,INT-NMLZ.ABS,verb
šiašši,šī-i-a-šše,beobachten,TR-3A.SG-NMLZ.ABS,verb
šib,šī-v,Auge,2POSS.SG.ABS,noun
šibā,šib-a,u.B.,INT,verb
šibā,šibi-a,u.B.,ESS,noun
šidarbu,Šidarbu,GN,.ABS,noun
šidarbul,Šidarbu-ž=l,GN,ERG=3PL.ABS,noun
šidarillōm,šid-ar-ill-o-m,verfluchen,ITER-INGR-TR.PFV-3A.SG,verb
šidarna,šid+ar+ni-a,Fluch,ESS,noun
šidarnai,šid+ar+ni-ae,Fluch,INS,noun
šidarni,šid+ar+ni,Fluch,.ABS,noun
šidilāi,šid-i-l-ae,verfluchen,MOD.AG-l-PURP,verb
šidurriva,šid+ō+ri-ne-va,Mädchen; junge Frau,RELAT.SG-DAT,noun
šidāra,šid-ar-a,verfluchen,ITER-3A.SG,verb
šidārna,šid+ar+ni-a,Fluch,ESS,noun
šidōri,šid+ō+ri,Mädchen; junge Frau,.ABS,noun
šigadibam,šig+adi-i-va=m,u.B.,3POSS.SG-DAT=2SG.ABS,noun
šigadibam,šig+adi-i-va=m,u.B.,3POSS.SG-DAT=CON,noun
šigadibam,šig+adi-va=m,u.B.,DAT=2SG.ABS,noun
šigadibam,šig+adi-va=m,u.B.,DAT=CON,noun
šiglademma,šigl+ade=mma,Schekel,.ABS=CON,noun
šikkinažan,šikki-na-až-a=an,Pflock?; Balken?,RELAT.PL-PL-DAT/ESS=CON,noun
šikkinažan,šikki-na-až-a=n,Pflock?; Balken?,RELAT.PL-PL-DAT/ESS=3SG.ABS,noun
šilaluġinida,šilaluġi-ne-da,u.B.,RELAT.SG-DIR,noun
šilava,šilavi-a,u.B.,ESS,noun
šilaġugarilla,šil-aġ-ugar-i=lla,u.B.,aġ-RECIP-ANTIP=3PL.ABS,verb
šildanurum,šil-d-an-ur-o-m,u.B.,d-an-ur-TR.PFV-3A.SG,verb
šildanurum,šild-an-ur-o-m,u.B.,an-ur-TR.PFV-3A.SG,verb
šilumōtḫeb,šil+um+ō+tḫ-i-b,u.B.,ANTIP-b,verb
šilumōtḫeb,šil+um+ō+tḫe=m,u.B.,.ABS=CON,noun
šilāva,šilavi-a,u.B.,ESS,noun
šilāġi,šil-aġ-i,u.B.,aġ-ANTIP,verb
šilāġi,šilāġi,u.B.,.ABS,noun
šimegai,Šimiga+i,DN,.ABS,noun
šimigi,Šimige,DN,.ABS,noun
šimiginel,Šimige-ne=l,DN,ABL/INS=3PL.ABS,noun
šiminež,šimi-ne-ž,u.B.,RELAT.SG-ERG,noun
šindadāi,šind+ade-ae,siebener Gruppe,INS,noun
šindai,šindai,sieben,.ABS,NUM
šindiž,šind-i-ež,u.B.,MOD.AG-OPT,verb
šindiž,šindi-i-ž,u.B.,3POSS.SG-ERG,noun
šindiž,šindi-ž,sieben,ERG,NUM
šindiž,šindi-ž,u.B.,ERG,noun
šindižūwad,šindi+ž+ūwi-a=d,siebter,ESS=1SG.ABS,NUM
šindāi,šindai,sieben,.ABS,NUM
šindāib,šindai=v,sieben,.ABS=2PL.ABS,NUM
šindāib,šindi-ae=v,sieben,INS=2PL.ABS,NUM
šinim,šini=m,weiterhin; wieder; ferner,=2SG.ABS,ADV
šinim,šini=m,weiterhin; wieder; ferner,=CON,ADV
šinima,šini=ma,weiterhin; wieder; ferner,=CON,ADV
šinnaġinippaž,šinnaġi+ni-iffe-až,u.B.,1POSS-PL.ABS,noun
šinubini,šinubi-ne,u.B.,ABL/INS,noun
šinubini,šinubi-ne-e,u.B.,RELAT.SG-DIR/LOC,noun
šinurġina,šinurġi-na,Zwilling?,RELAT.PL.ABS,noun
šinutḫina,Šinut-ġe-na,GN,ADJ-RELAT.PL.ABS,noun
šinutḫina,Šinutḫi-na,GN,RELAT.PL.ABS,noun
šinzamma,šin+ze-a=mma,zweiter,ESS=2SG.ABS,NUM
šinzi,šin+ze,zweiter,.ABS,NUM
šinzuḫḫamma,šin+z+o+ḫḫe-a=mma,zum anderen,ESS=CON,ADV
šināi,šine-ae,zwei,INS,NUM
širadili,šir+ad-i-le,erzählen,MOD.AG-1JUSS,verb
širnib,šīr+ni-v,u.B.,2POSS.SG.ABS,noun
šiummeni,šī-umme-ne,beobachten,INF-ABL/INS,verb
šiummeni,šī-umme-ne-e,beobachten,INF-RELAT.SG-DIR/LOC,verb
šiurivain,ši-ur-i-va-en,u.B.,ur-MOD.AG-NEG-3JUSS,verb
šiwumballa,ši-umb-a=lla,u.B.,umb-3A.SG=3PL.ABS,verb
šiwummini,šī-umme-ne,beobachten,INF-ABL/INS,verb
šiwummini,šī-umme-ne-e,beobachten,INF-RELAT.SG-DIR/LOC,verb
šiāi,šiye-ae,Wasser; Fluss,INS,noun
šiāma,šiye-a=ma,Wasser; Fluss,ESS=CON,noun
šiāma,šī-a=ma,beobachten,INT=CON,verb
šiāma,šī-i-a=ma,Auge,3POSS.SG-ESS=CON,noun
šiāma,šī-i-a=ma,beobachten,TR-3A.SG=CON,verb
šiānima,šiāni=ma,u.B.,.ABS=CON,noun
šiēž,šiye-ž,Wasser; Fluss,ERG,noun
šiġalam,šeġal-a=m,rein sein; reinigen,INT=CON,verb
šiġalam,šeġali-a=m,rein,ESS=CON,ADJ
šiġāla,šeġal-a,rein sein; reinigen,INT,verb
šiōmmini,šī-umme-ne,beobachten,INF-ABL/INS,verb
šiōmmini,šī-umme-ne-e,beobachten,INF-RELAT.SG-DIR/LOC,verb
šubrianaž,šubri+ana-ž,u.B.,ERG,noun
šubribi,šubri-ve,u.B.,GEN,noun
šubribima,šubri-ve=ma,u.B.,GEN=CON,noun
šubribina,šubri-ve-na,u.B.,GEN-RELAT.PL.ABS,noun
šubribiniba,šubri-ve-ne-va,u.B.,GEN-RELAT.SG-DAT,noun
šubribinibi,šubri-ve-ne-ve,u.B.,GEN-RELAT.SG-GEN,noun
šubribinibināža,šubri-ve-ne-ve-na-až-a,u.B.,GEN-RELAT.SG-GEN-RELAT.PL-PL-DAT/ESS,noun
šugārdedāwul,šug+ārd-ed-aw=l,vereinen?,FUT-1A.SG=3PL.ABS,verb
šuinež,šui-ne-ž,u.B.,RELAT.SG-ERG,noun
šukka,šokko-a,eins; ein,ESS,NUM
šukka,šukk-a,eins sein,INT,verb
šukku,šokko,eins; ein,.ABS,NUM
šukkua,šukk-u-a,u.B.,MED-3A.SG,verb
šukkunna,šokko=nna,eins; ein,=3SG.ABS,NUM
šukkunna,šukk+o+ni-na,u.B.,RELAT.PL.ABS,noun
šukkunna,šukk+o+nni-a,u.B.,ESS,noun
šukkuttatta,šukk+utt-a=tta,u.B.,INT=1SG.ABS,verb
šukkuttatta,šukk+utti-a=tta,u.B.,ESS=1SG.ABS,noun
šukkuttattam,šukk+utt-a=tta=m,u.B.,INT=1SG.ABS=CON,verb
šukkuttattam,šukk+utti-a=tta=m,u.B.,ESS=1SG.ABS=CON,noun
šullād,šolli-a=d,Kohle,ESS=1SG.ABS,noun
šullīma,eġ+epš-ulli=ma,lähmen?,ulli=CON,verb
šullūbri,šullūbri,ein Gebäck,.ABS,noun
šumallam,šumali-na=m,u.B.,RELAT.PL.ABS=CON,noun
šumi,šum-i,u.B.,ANTIP,verb
šumi,šumi-i,u.B.,3POSS.SG.ABS,noun
šummanniž,šumm+a+ni-ne-ž,u.B.,RELAT.SG-ERG,noun
šummanniž,šumm+a+nni-ž,u.B.,ERG,noun
šummera,šumme-ra,u.B.,COM,noun
šummera,šummeri-a,u.B.,ESS,noun
šummi,šummi,ganz; gänzlich,,ADJ
šummi,šummi,ganz; gänzlich,.ABS,ADJ
šummida,šummi-da,ganz; gänzlich,DIR,ADJ
šummin,šummi+n,gänzlich,,ADV
šummin,šummi-n,ganz; gänzlich,ABL/INS,ADJ
šummini,šummi-ne,ganz; gänzlich,ABL/INS,ADJ
šumminnam,šummi+n=nna=m,gänzlich,=3SG.ABS=CON,ADV
šumminnam,šummi-n=nna=m,ganz; gänzlich,ABL/INS=3SG.ABS=CON,ADJ
šumminnam,šummi=nna=m,ganz; gänzlich,.ABS=3SG.ABS=CON,ADJ
šummundidum,šummun-d-id-o=m,aushändigen?,d-PL.A-TR.PFV=2SG.ABS,verb
šummundidum,šummun-d-id-o=m,aushändigen?,d-PL.A-TR.PFV=CON,verb
šummīda,šummi-da,ganz; gänzlich,DIR,ADJ
šummīda,šummi-i-da,ganz; gänzlich,3POSS.SG-DIR,ADJ
šummōnni,šummōnni,Hand,.ABS,noun
šumunnež,šumni-ne-ž,Hand,RELAT.SG-ERG,noun
šumunnibi,šumni-ne-ve,Hand,RELAT.SG-GEN,noun
šundinna,šundi+ni-na,u.B.,RELAT.PL.ABS,noun
šuppaššab,šupp+a+šše-a=m,u.B.,ESS=CON,noun
šuppaššab,šupp+a+šše-a=v,u.B.,ESS=2PL.ABS,noun
šurakkanna,šurakk+a+nni-a,u.B.,ESS,noun
šuratḫiniž,šur+a+tḫe-ne-ž,eine Baumart,RELAT.SG-ERG,noun
šurba,šurb-a,u.B.,INT,verb
šurba,šurbi-a,u.B.,ESS,noun
šurbigina,šurbigi-na,u.B.,RELAT.PL.ABS,noun
šurbēgi,šurbēgi,u.B.,.ABS,noun
šurrād,šurr-a=d,eilen,INT=1SG.ABS,verb
šurrū,šurr-u,eilen,MED,verb
šuwanilam,šuwanilam,u.B.,,unclear
šuwannāža,šuw+a+ni-na-až-a,"alle?, gesamt?",RELAT.PL-PL-DAT/ESS,noun
šuwindašši,šu-i-nd-a-šše,u.B.,TR-PL.A-3A-NMLZ.ABS,verb
šuēž,šu-i-ež,u.B.,MOD.AG-OPT,verb
šuēž,šō-i-ež,füllen,MOD.AG-OPT,verb
šuēž,šōe-ž,alle; ganz,ERG,PRON
šuġa,šuʾ-a,u.B.,INT,verb
šuġa,šuʾi-a,u.B.,ESS,noun
šuġražna,šuġraž+ni-a,u.B.,ESS,noun
šuġrāženež,šuġr+ā+že-ne-ž,u.B.,RELAT.SG-ERG,noun
šuġunnež,šōġoni-ne-ž,Mauer,RELAT.SG-ERG,noun
šuškib,šušk-i-b,aufsteigen?,ANTIP-b,verb
šāišḫi,šā+i+šḫe,u.B,.ABS,noun
šāla,šāla,Tochter,.ABS,noun
šālabnira,šālab+ni-i-ra,u.B.,3POSS.SG-COM,noun
šālabnira,šālab+ni-ra,u.B.,COM,noun
šālabnira,šālabniri-a,u.B.,ESS,noun
šālada,šāla-da,Tochter,DIR,noun
šāladeni,šālade-ne,u.B.,ABL/INS,noun
šāladeni,šālade-ne-e,u.B.,ABL/INS-DIR/LOC,noun
šāli,šāl-i,u.B.,ANTIP,verb
šāli,šāli,u.B.,.ABS,noun
šāllaena,šallae-na,verschluckte,RELAT.PL.ABS,ADJ
šāmanni,šāmani-ne,u.B.,ABL/INS,noun
šāmanni,šāmani-ne-e,u.B.,RELAT.SG-DIR/LOC,noun
šāmanni,šāmanni,u.B.,.ABS,noun
šānnež,šāni-ne-ž,u.B.,RELAT.SG-ERG,noun
šāra,šār-a,u.B.,ESS,verb
šāra,šār-a,u.B.,INT,verb
šāra,šār-a,wünschen,INT,verb
šāra,šāri-a,Wunsch,ESS,noun
šāra,šāri-a,u.B.,ESS,noun
šāri,šār-i,wünschen,ANTIP,verb
šāri,šāri,Wunsch,.ABS,noun
šārib,šāri-v,Wunsch,2POSS.SG.ABS,noun
šārinevi,šāri-ne-ve,u.B.,RELAT.SG-GEN,noun
šātti,šatti,1PRON.PL,.ABS,PRON
šātti,šātt-i,ergreifen,ANTIP,verb
šātti,šātt-i,ergreifen,TR.IMP,verb
šāttub,šātt-o-m,ergreifen,TR.PFV-3A.SG,verb
šāttīdu,šātt-id-o,ergreifen,PL.A-TR.PFV,verb
šāttūb,šātt-o-m,ergreifen,TR.PFV-3A.SG,verb
šāvalam,šāv+al-a=m,einsteigen?,INT.IMP=2SG.ABS,verb
šāvalam,šāv-al-a=m,einsteigen?,al-INT.IMP=2SG.ABS,verb
šāvālli,šavli-ne,Jahr,ABL/INS,noun
šāvālli,šavli-ne-e,Jahr,RELAT.SG-DIR/LOC,noun
šāvōe,šāv+ō+ʾe,u.B.,.ABS,noun
šāvōe,šāvō+e,u.B.,,ADV
šāwralla,šauri-a=lla,Waffe,ESS=3PL.ABS,noun
šāġari,šāġ+ar+i,Ziegenbock,.ABS,noun
šāġlēž,šāġl-i-ež,u.B.,MOD.AG-OPT,verb
šāġlēž,šāġli-e-ž,u.B.,3POSS.SG-ERG,noun
šāġlēž,šāġlē-ž,u.B.,ERG,noun
šāžarri,šažari-ne,Säge,ABL/INS,noun
šāžarri,šažari-ne-e,Säge,RELAT.SG-DIR/LOC,noun
šāžuda,šo-až-oda,1PRON,PL-DIR,PRON
šēalidin,šē-al-id-en,u.B.,al-PL.A-3JUSS,verb
šēalidin,šēal-id-en,u.B.,PL.A-3JUSS,verb
šēduilianiž,šēd+oʾ+ilia-ne-ž,fett-gemachte,RELAT.SG-ERG,ADJ
šēlla,šelli-a,Haus,ESS,noun
šēllin,šelli-n,Haus,ABL/INS,noun
šēna,šiye-na,Wasser; Fluss,RELAT.PL.ABS,noun
šēndeššini,šēnde+šše-ne,siebter,ABL/INS,NUM
šēndeššini,šēnde+šše-ne-e,siebter,RELAT.SG-DIR/LOC,NUM
šēni,šena-i,Bruder,3POSS.SG.ABS,noun
šēni,šeni,u.B.,.ABS,noun
šēni,šiye-ne,Wasser; Fluss,ABL/INS,noun
šēni,šiye-ne-e,Wasser; Fluss,RELAT.SG-DIR/LOC,noun
šēni,šēn-i,u.B.,ANTIP,verb
šēniffe,šena-iffe,Bruder,1POSS.SG.ABS,noun
šēnna,šena-na,Bruder,RELAT.PL.ABS,noun
šēnna,šeni-na,u.B.,RELAT.PL.ABS,noun
šēnna,šēn+ni-a,Bruder,ESS,noun
šēnna,šēnni-a,u.B.,ESS,noun
šēra,šēr-a,u.B.,INT,verb
šēra,šēri-a,jeder?,ESS,noun
šēri,šēr-i,u.B.,ANTIP,verb
šēri,šēri,jeder?,.ABS,noun
šēria,šēr-i-a,u.B.,TR-3A.SG,verb
šērini,šēri-ne,jeder?,ABL/INS,noun
šērini,šēri-ne-e,jeder?,RELAT.SG-DIR/LOC,noun
šērri,šēri-ne-e,jeder?,RELAT.SG-DIR/LOC,noun
šērāmmi,šērāmmi,Norden,.ABS,noun
šērženi,šer+že-ne-e,u.B.,RELAT.SG-DIR/LOC,noun
šēržēni,šer+že-ne,u.B.,ABL/INS,noun
šēržēni,šer+že-ne-e,u.B.,RELAT.SG-DIR/LOC,noun
šēġa,šēġa,Tor,.ABS,noun
šēġa,šēġa-a,Tor,ESS,noun
šēġadulimaššinama,šēġ+ad+ul+i+m+a+šše-na=ma,u.B.,RELAT.PL.ABS=CON,noun
šēġala,šeġal-a,rein sein; reinigen,INT,verb
šēġala,šeġali-a,rein,ESS,ADJ
šēġalana,šēġala-na,rein; Reinheit,RELAT.PL.ABS,noun
šēġalaštama,šeġal-ašt-a=ma,rein sein; reinigen,RES-3A.SG=CON,verb
šēġalaštama,šeġal-ašt-a=ma,rein sein; reinigen,RES-INT=CON,verb
šēġali,šeġali,rein,.ABS,ADJ
šēġalinduž,šeġal-ind-o-ež,rein sein; reinigen,PL.A-MOD.AG-OPT,verb
šēġalubada,šēġal+o+bade-a,unrein,ESS,ADJ
šēġaludiž,šeġal-ud-i-ež,rein sein; reinigen,NEG-MOD.AG-OPT,verb
šēġalulaešša,šeġal-o-l-ae-ž=nna,rein sein; reinigen,MOD.PAT-l-PURP-ž=3SG.ABS,verb
šēġalulēž,šeġal-o-l-ež,rein sein; reinigen,MOD.PAT-l-OPT,verb
šēġalum,šeġal-o-m,rein sein; reinigen,TR.PFV-3A.SG,verb
šēġalumalla,šeġal-o-m-a=lla,rein sein; reinigen,TR.PFV-3A.SG-EPNTH=3PL.ABS,verb
šēġalumalla,šeġal-umme-a=lla,rein sein; reinigen,INF-ESS=3PL.ABS,verb
šēġan,šēġa-n,Tor,ABL/INS,noun
šēġurnāe,šeġor+ni-ae,Leben,INS,noun
šēšše,šēš+še,sechster,.ABS,NUM
šēža,šēž-a,u.B.,INT,verb
šēža,šēži-a,u.B.,ESS,noun
šēža,šēžē-a,sechs,ESS,NUM
šēže,šēžē,sechs,.ABS,NUM
šēžie,šēžē,sechs,.ABS,NUM
šīa,šiye,Wasser; Fluss,.ABS,noun
šīa,šiye-a,Wasser; Fluss,ESS,noun
šīa,šī-a,Auge,ESS,noun
šīa,šī-a,beobachten,INT,verb
šīa,šī-i-a,Auge,3POSS.SG-ESS,noun
šīa,šī-i-a,beobachten,TR-3A.SG,verb
šīad,šiye-a=d,Wasser; Fluss,ESS=1SG.ABS,noun
šīadi,šīadi,u.B.,.ABS,noun
šīai,šiye-ae,Wasser; Fluss,INS,noun
šīaiašši,šīaiašše,u.B.,.ABS,noun
šīb,šī-i-b,beobachten,ANTIP-b,verb
šīb,šī-v,Auge,2POSS.SG.ABS,noun
šīe,šiye,Wasser; Fluss,.ABS,noun
šīedi,šī-ed-i,beobachten,FUT-ANTIP,verb
šīel,šī-i=l,Auge,3POSS.SG.ABS=3PL.ABS,noun
šīelva,šīlvi-a,u.B.,ESS,noun
šīena,šiye-na,Wasser; Fluss,RELAT.PL.ABS,noun
šīenaēl,šiye-ne-ae=l,Wasser; Fluss,RELAT.SG-INS=3PL.ABS,noun
šīenaža,šiye-na-až-a,Wasser; Fluss,RELAT.PL-PL-DAT/ESS,noun
šīenažuž,šiye-na-až-ož,Wasser; Fluss,RELAT.PL-PL-ERG,noun
šīenella,šiye-ne-e=lla,Wasser; Fluss,RELAT.SG-DIR/LOC=3PL.ABS,noun
šīenella,šiye-ne-ž=lla,Wasser; Fluss,RELAT.SG-ERG=3PL.ABS,noun
šīenella,šiye-ne=lla,Wasser; Fluss,ABL/INS=3PL.ABS,noun
šīenež,šiye-ne-ž,Wasser; Fluss,RELAT.SG-ERG,noun
šīeni,šiye-ne,Wasser; Fluss,ABL/INS,noun
šīeni,šiye-ne-e,Wasser; Fluss,RELAT.SG-DIR/LOC,noun
šīeniž,šiye-ne-ž,Wasser; Fluss,RELAT.SG-ERG,noun
šīenāi,šiye-ne-ae,Wasser; Fluss,RELAT.SG-INS,noun
šīenāža,šiye-na-až-a,Wasser; Fluss,RELAT.PL-PL-DAT/ESS,noun
šīenāže,šiye-na-až-ve,Wasser; Fluss,RELAT.PL-PL-GEN,noun
šīenāžuž,šiye-na-až-ož,Wasser; Fluss,RELAT.PL-PL-ERG,noun
šīež,šiye-ž,Wasser; Fluss,ERG,noun
šīl,šī-i=l,Auge,3POSS.SG.ABS=3PL.ABS,noun
šīm,šī-i=m,Auge,3POSS.SG.ABS=2SG.ABS,noun
šīm,šī-i=m,Auge,3POSS.SG.ABS=CON,noun
šīm,šī=m,Auge,.ABS=2SG.ABS,noun
šīm,šī=m,Auge,.ABS=CON,noun
šīna,šī+ni-a,Auge,ESS,noun
šīna,šī-na,Auge,RELAT.PL.ABS,noun
šīnda,šind-a,u.B.,INT,verb
šīnda,šindi-a,sieben,ESS,NUM
šīnda,šindi-a,u.B.,ESS,noun
šīnimma,šini=mma,weiterhin; wieder; ferner,=2SG.ABS,ADV
šīnimmab,šini=mma=m,weiterhin; wieder; ferner,=2SG.ABS=CON,ADV
šīnunaġi,šīnunaġi,u.B.,.ABS,noun
šīnzi,šin+ze,zweiter,.ABS,NUM
šīnzima,šin+ze=ma,zweiter,.ABS=CON,NUM
šīra,šīr-a,genügen; entsprechen,INT,verb
šīri,šīr-i,u.B.,ANTIP,verb
šīri,šīr-i,u.B.,TR.IMP,verb
šīri,šīri,Zahl,.ABS,noun
šīri,šīri,u.B.,.ABS,noun
šīrna,šīr+ni-a,Glanz?,ESS,noun
šīrna,šīr+ni-a,u.B.,ESS,noun
šīrna,šīrn-a,u.B.,INT,verb
šīrnamma,šīr+ni-a=mma,Glanz?,ESS=CON,noun
šīrādili,šir+ad-i-le,erzählen,MOD.AG-1JUSS,verb
šīrūra,šīrūri-a,u.B.,ESS,noun
šīwullēm,šī-ul-i-le=m,beobachten,ul-MOD.AG-1JUSS=CON,verb
šīwullēm,šīūli-ne-e=m,u.B.,RELAT.SG-DIR/LOC=CON,noun
šīwullēm,šīūli-ne=m,u.B.,ABL/INS=CON,noun
šīwummini,šī-umme-ne,beobachten,INF-ABL/INS,verb
šīwummini,šī-umme-ne-e,beobachten,INF-RELAT.SG-DIR/LOC,verb
šīwḫa,šīuġi-a,u.B.,ESS,noun
šīāe,šiye-ae,Wasser; Fluss,INS,noun
šīāi,šiye-ae,Wasser; Fluss,INS,noun
šīġa,šīġ-a,u.B.,INT,verb
šīġa,šīġ-a,u.B.,INT.IMP,verb
šīġa,šīġi-a,u.B.,ESS,noun
šīġāi,šēġ-i-ae,eintreten,MOD.AG-PURP,verb
šīġāi,šēġa-ae,Tor,INS,noun
šīġāi,šīġ-i-ae,u.B.,MOD.AG-PURP,verb
šīġāi,šīġi-ae,u.B.,INS,noun
šīġāttāma,šēġa-a=tta=ma,Tor,ESS=1SG.ABS=CON,noun
šīġāttāma,šīġ+ātti-a=ma,u.B.,ESS=CON,noun
šīġāttāma,šīġ-a=tta=ma,u.B.,INT=1SG.ABS=CON,verb
šīġāttāma,šīġ-at-d-a=ma,u.B.,at-PL.A-3A=CON,verb
šīġāttāma,šīġi-a=tta=ma,u.B.,ESS=1SG.ABS=CON,noun
šīġāvenažan,šēġa-ve-na-až-a=an,Tor,GEN-RELAT.PL-PL-DAT/ESS=CON,noun
šīġāvenažan,šēġa-ve-na-až-a=n,Tor,GEN-RELAT.PL-PL-DAT/ESS=3SG.ABS,noun
šīōmmini,šī-umme-ne,beobachten,INF-ABL/INS,verb
šīōmmini,šī-umme-ne-e,beobachten,INF-RELAT.SG-DIR/LOC,verb
šōda,šo-da,1PRON,DIR,PRON
šōduštiēž,šōd-ošt-i-ež,u.B.,RES-MOD.AG-OPT,verb
šōe,šōe,alle; ganz,.ABS,PRON
šōe,šōe,u.B.,.ABS,noun
šōeni,šōe-ne,alle; ganz,ABL/INS,PRON
šōeni,šōe-ne-e,alle; ganz,RELAT.SG-DIR/LOC,PRON
šōeniveninna,šōe-ne-ve-ne-nna,alle; ganz,RELAT.SG-GEN-RELAT.SG-EQU2,PRON
šōi,šō-i,füllen,ANTIP,verb
šōi,šō-i,u.B.,ANTIP,verb
šōi,šōe,alle; ganz,.ABS,PRON
šōi,šōi,u.B.,.ABS,noun
šōima,šō-i=ma,füllen,ANTIP=CON,verb
šōima,šō-i=ma,u.B.,ANTIP=CON,verb
šōima,šōe=ma,alle; ganz,.ABS=CON,PRON
šōima,šōi=ma,u.B.,.ABS=CON,noun
šōkku,šokko,eins; ein,,NUM
šōlidu,šōl-id-o,u.B.,PL.A-TR.PFV,verb
šōlli,šolli,Kohle,.ABS,noun
šōni,šō+ni,Hand,.ABS,noun
šōni,šō+ni-i,Hand,3POSS.SG.ABS,noun
šōni,šōn-i,u.B.,ANTIP,verb
šōni,šōn-i,u.B.,TR.IMP,verb
šōnia,šō+ni-i-a,Hand,3POSS.SG-ESS,noun
šōnia,šōn-i-a,u.B.,TR-3A.SG,verb
šōniaž,šō+ni-i-až,Hand,3POSS-PL.ABS,noun
šōnib,šō+ni-v,Hand,2POSS.SG.ABS,noun
šōniba,šō+ni-i-va,Hand,3POSS.SG-DAT,noun
šōniba,šō+ni-v-a,Hand,2POSS.SG-ESS,noun
šōniba,šō+ni-va,Hand,DAT,noun
šōra,šōr-a,u.B.,INT,verb
šōra,šōri-a,u.B.,ESS,noun
šōraššella,šōr+a+šše=lla,u.B.,.ABS=3PL.ABS,noun
šōraššella,šōr-a-šše=lla,u.B.,INT-NMLZ.ABS=3PL.ABS,verb
šōrin,šōri-n,u.B.,ABL/INS,noun
šōrin,šōri=n,u.B.,.ABS=3SG.ABS,noun
šōrin,šōri=n,u.B.,.ABS=CON,noun
šōrra,šōri-na,u.B.,RELAT.PL.ABS,noun
šōrra,šōrr-a,eilen?,INT,verb
šōrra,šōrr-a,u.B.,INT,verb
šōruž,šōr-o-ež,u.B.,MOD.PAT-OPT,verb
šōruž,šōri-ož,u.B.,EQU,noun
šōva,šowa,Tag,.ABS,noun
šōva,šowa-a,Tag,ESS,noun
šōvae,šo-ve-ae,1PRON,GEN-INS,PRON
šōvae,šowa-ae,Tag,INS,noun
šōvaib,šowa-ae=v,Tag,INS=2PL.ABS,noun
šōvalada,šowala-da,Wein,DIR,noun
šōvalada,šowali-a=tta,Wein,ESS=1SG.ABS,noun
šōvalaž,šowala-ž,Wein,ERG,noun
šōvāe,šowa-ae,Tag,INS,noun
šōġaššini,šōġ+a+šše-ne,u.B.,ABL/INS,noun
šōġaššini,šōġ+a+šše-ne-e,u.B.,RELAT.SG-DIR/LOC,noun
šōġunnaži,šōġoni-na-až-ve,Mauer,RELAT.PL-PL-GEN,noun
šōġuri,šōġori,Leben,.ABS,noun
šōġurri,šōġori-ne,Leben,ABL/INS,noun
šōġurri,šōġori-ne-e,Leben,RELAT.SG-DIR/LOC,noun
šūbīniva,šubi-ne-va,u.B.,RELAT.SG-DAT,noun
šūgatteni,šūgatte-ne,u.B.,ABL/INS,noun
šūgatteni,šūgatte-ne-e,u.B.,RELAT.SG-DIR/LOC,noun
šūgi,šūgi,Dach?,.ABS,noun
šūgēma,šūgē=ma,u.B.,.ABS=CON,noun
šūla,šūli-a,u.B.,ESS,noun
šūnib,šō+ni-v,Hand,2POSS.SG.ABS,noun
šūnīda,šō+ni-i-da,Hand,3POSS.SG-DIR,noun
šūpta,šūp-d-a,u.B.,d-INT,verb
šūpta,šūpt-a,u.B.,INT,verb
šūpta,šūpti-a,u.B.,ESS,noun
šūranni,šūr+a+nni,u.B.,.ABS,noun
šūranni,šūr-i-anni,u.B.,MOD.AG-DESID,verb
šūranni,šūrani-ne,u.B.,ABL/INS,noun
šūranni,šūrani-ne-e,u.B.,RELAT.SG-DIR/LOC,noun
šūrbēnež,šūrbē-ne-ž,u.B.,RELAT.SG-ERG,noun
šūre,šūre,u.B.,.ABS,noun
šūre,šūre-ne,u.B.,ABL/INS,noun
šūre,šūre-ne-e,u.B.,RELAT.SG-DIR/LOC,noun
šūri,šūr-i,u.B.,ANTIP,verb
šūri,šūre,u.B.,.ABS,noun
šūrnīma,šūrni-i=ma,u.B.,3POSS.SG.ABS=CON,noun
šūrnīma,šūrnī=ma,u.B.,.ABS=CON,noun
šūrōm,šūr-o-m,abstechen,TR.PFV-3A.SG,verb
šūrūži,šūr-ož-i,u.B.,PST-ANTIP,verb
šūrūži,šūrūže,u.B.,.ABS,noun
šūwada,šowa-da,Tag,DIR,noun
šūwarudanam,šūw-ar-u-d-a=n=am,u.B.,ITER-MED-PL.A-3A=3SG.ABS=CON,verb
šūwarudanam,šūwarudi-a=n=am,u.B.,ESS=3SG.ABS=CON,noun
šūžiž,šūži-i-ž,u.B.,3POSS.SG-ERG,noun
šūžiž,šūži-ž,u.B.,ERG,noun
šūḫḫuluštib,šūḫḫ-ul-ušt-i-b,u.B.,ul-RES-ANTIP-b,verb
šūḫḫuluštib,šūḫḫ-ul-ušt-i=m,u.B.,ul-RES-ANTIP=2SG.ABS,verb
šūḫḫuluštib,šūḫḫ-ul-ušt-i=m,u.B.,ul-RES-TR.IMP=2SG.ABS,verb
ūlluž,Ūllu-ž,PN,ERG,noun
ūlvinēma,olvi-ne-e=ma,fremd?,RELAT.SG-DIR/LOC=CON,ADJ
ūmbiža,umb-iž-a,u.B.,iž-3A.SG,verb
ūmbiža,umb-iž-a,u.B.,iž-INT,verb
ūmbiža,ūmb+i+že-a,u.B.,ESS,noun
ūmmumaššiniva,umm-o-m-a-šše-ne-va,stehen,TR.PFV-3A.SG-EPNTH-NMLZ-RELAT.SG-DAT,verb
ūmmumaššiniva,umm-o-m-a-šše-ne-va,u.B.,TR.PFV-3A.SG-EPNTH-NMLZ-RELAT.SG-DAT,verb
ūmmumaššiniva,ūmm+um+a+šše-ne-va,u.B.,RELAT.SG-DAT,noun
ūmmēġa,umm-eġ-a,stehen,eġ-INT,verb
ūna,uw+o+ni-a,Brot?,ESS,noun
ūpšīb,ūpš-i-b,mähen?; ernten?,ANTIP-b,verb
ūrdaššinēlla,ūrd+a+šše-ne-ž=lla,u.B.,RELAT.SG-ERG=3PL.ABS,noun
ūrmi,ūrmi,Leber,.ABS,noun
ūrrugivuwi,ūrrugi-iffu-ve,u.B.,1POSS.SG-GEN,noun
ūrġi,ūrġi,wahr,.ABS,noun
ūrġāb,ūrġ-a-b,wahr sein,INT-b,verb
ūrġāb,ūrġ-a=v,wahr sein,INT.IMP=2PL.ABS,verb
ūrġāb,ūrġ-a=v,wahr sein,INT=2PL.ABS,verb
ūrġāb,ūrġi-a=v,wahr,ESS=2PL.ABS,noun
ūšteni,ūšte-ne,u.B.,ABL/INS,noun
ūšteni,ūšte-ne-e,u.B.,RELAT.SG-DIR/LOC,noun
ūššīd,ōšš-i=d,gehen,ANTIP=1SG.ABS,verb
ūžamma,uw+o+že-a=mma,u.B.,ESS=2SG.ABS,noun
ūžamma,uw+o+že-a=mma,u.B.,ESS=CON,noun
ūžamma,uw-ož-a=mma,essen,PST-3A.SG=2SG.ABS,verb
ūžamma,uw-ož-a=mma,essen,PST-3A.SG=CON,verb
ūžia,uw+o+že-i-a,u.B.,3POSS.SG-ESS,noun
ḫabalgi,ḫabalgi,Eisen?,.ABS,noun
ḫabaḫḫōbada,ḫab+aḫḫ+ō+bade-a,u.B.,ESS,noun
ḫaburna,ḫavor+ni-a,Himmel,ESS,noun
ḫaburni,ḫavor+ni,Himmel,.ABS,noun
ḫaburnin,ḫavor+ni-n,Himmel,ABL/INS,noun
ḫabānab,ḫabān-a-b,überwechseln,INT-b,verb
ḫabōrni,ḫavor+ni,Himmel,.ABS,noun
ḫademinin,ḫademi-ne-n,u.B.,RELAT.SG-ABL/INS,noun
ḫaidu,ḫa-id-o,nehmen,PL.A-TR.PFV,verb
ḫaiġi,ḫa+i+ġe,u.B.,.ABS,noun
ḫalandi,ḫalandi,u.B,.ABS,noun
ḫalban,Ḫalba-a=an,GN,ESS=CON,noun
ḫalban,Ḫalba-a=n,GN,ESS=3SG.ABS,noun
ḫalban,Ḫalba=an,GN,.ABS=CON,noun
ḫalban,Ḫalba=n,GN,.ABS=3SG.ABS,noun
ḫalikkuli,ḫalikkuli,u.B.,.ABS,noun
ḫalminibi,ḫal+mi-ne-ve,Sänger,RELAT.SG-GEN,noun
ḫalmināžuž,ḫal+mi-na-až-ož,Sänger,RELAT.PL-PL-ERG,noun
ḫalze,ḫalze,Distrikt,.ABS,noun
ḫalzi,ḫalze,Distrikt,.ABS,noun
ḫalzinibi,ḫalze-ne-ve,Distrikt,RELAT.SG-GEN,noun
ḫalzēni,ḫalze-ne-e,Distrikt,RELAT.SG-DIR/LOC,noun
ḫalzōġla,ḫalz+ō+ġ+li-a,Distriktverwalter,ESS,noun
ḫamarra,ḫamri-na,ein Heiligtum,RELAT.PL.ABS,noun
ḫamarraža,ḫam+ar+i-na-až-a,u.B.,RELAT.PL-PL-DAT/ESS,noun
ḫamarraža,ḫamri-na-až-a,ein Heiligtum,RELAT.PL-PL-DAT/ESS,noun
ḫamarražena,ḫam+ar+i-na-až-ve-na,u.B.,RELAT.PL-PL-GEN-RELAT.PL.ABS,noun
ḫamarražena,ḫamri-na-až-ve-na,ein Heiligtum,RELAT.PL-PL-GEN-RELAT.PL.ABS,noun
ḫamaziažidan,ḫamaz+i+a+šše-dan,Unterdrücker,ABL,noun
ḫamaziažidan,ḫamaz+i+a+šše-i-dan,Unterdrücker,3POSS.SG-ABL,noun
ḫanibāe,ḫāni-ve-ae,Kind; Säugling,GEN-INS,noun
ḫaniri,ḫan+i+re,Geborene,.ABS,noun
ḫanirra,ḫan+i+re-na,Geborene,RELAT.PL.ABS,noun
ḫannibāe,ḫanni-ve-ae,u.B.,GEN-INS,noun
ḫannibāe,ḫāni-ne-ve-ae,Kind; Säugling,RELAT.SG-GEN-INS,noun
ḫanniž,ḫani-ne-ž,u.B.,RELAT.SG-ERG,noun
ḫanniž,ḫanni-ž,u.B.,ERG,noun
ḫanubasḫi,ḫān+u+b+a+sḫe,Fruchtbarkeit,.ABS,noun
ḫanumbasḫi,ḫan+u+mb+a+sḫe,Fruchtbarkeit,.ABS,noun
ḫanumbasḫida,ḫan+u+mb+a+sḫe-da,Fruchtbarkeit,DIR,noun
ḫanumbasḫida,ḫan+u+mb+a+sḫe-i-da,Fruchtbarkeit,3POSS.SG-DIR,noun
ḫapsuri,ḫapsōri,Speichel,.ABS,noun
ḫapsurib,ḫapsōri-v,Speichel,2POSS.SG.ABS,noun
ḫapsōri,ḫapsōri,Speichel,.ABS,noun
ḫapsōrib,ḫapsōri-v,Speichel,2POSS.SG.ABS,noun
ḫapsōrida,ḫapsōri-da,Speichel,DIR,noun
ḫapsōrida,ḫapsōri-i-da,Speichel,3POSS.SG-DIR,noun
ḫapšārūwa,ḫapš-ar-u-a,u.B.,ITER-MED-3A.SG,verb
ḫara,ḫāri-a,Weg,ESS,noun
ḫarraža,ḫāri-na-až-a,Weg,RELAT.PL-PL-DAT/ESS,noun
ḫarražanilla,ḫāri-na-až-ane=lla,Weg,RELAT.PL-PL-ABL/INS=3PL.ABS,noun
ḫarġaraima,Ḫarġarai=ma,DN,.ABS=CON,noun
ḫarġaraima,Ḫarġaraima,DN,.ABS,noun
ḫassin,Ḫassī-n,GN,ABL/INS,noun
ḫassin,Ḫassī=n,GN,.ABS=CON,noun
ḫassizai,ḫassizi-ae,Verstand,INS,noun
ḫassizi,ḫassizi,Verstand,.ABS,noun
ḫassizāe,ḫassizi-ae,Verstand,INS,noun
ḫattōġināža,ḫatt+o+ġe-na-až-a,hethitisch,RELAT.PL-PL-DAT/ESS,ADJ
ḫatḫēda,ḫatḫ-ed-a,einbrechen,FUT-3A.SG,verb
ḫaulillāndu,ḫa-ol-ill-and-o,nehmen,ol-ill-PL.A-MOD.PAT,verb
ḫavirni,ḫavēr+ni,Lamm,.ABS,noun
ḫavorni,ḫavor+ni,Himmel,.ABS,noun
ḫavorunnen,ḫavor+ni-ne-n,Himmel,RELAT.SG-ABL/INS,noun
ḫavorunni,ḫavor+ni-ne,Himmel,ABL/INS,noun
ḫavorunni,ḫavor+ni-ne-e,Himmel,RELAT.SG-DIR/LOC,noun
ḫavorunnima,ḫavor+ni-ne-e=ma,Himmel,RELAT.SG-DIR/LOC=CON,noun
ḫavorunnima,ḫavor+ni-ne=ma,Himmel,ABL/INS=CON,noun
ḫavorunnin,ḫavor+ni-ne-n,Himmel,RELAT.SG-ABL/INS,noun
ḫavorōnni,ḫavor+ni-ne,Himmel,ABL/INS,noun
ḫavorōnni,ḫavor+ni-ne-e,Himmel,RELAT.SG-DIR/LOC,noun
ḫavāḫḫōbada,ḫav+āḫḫ+ō+bade-a,u.B.,ESS,noun
ḫavērni,ḫavēr+ni,Lamm,.ABS,noun
ḫavōrni,ḫavor+ni,Himmel,.ABS,noun
ḫavōrnuž,ḫavor+ni-ož,Himmel,EQU,noun
ḫavōrunne,ḫavor+ni-ne,Himmel,ABL/INS,noun
ḫavōrunne,ḫavor+ni-ne-e,Himmel,RELAT.SG-DIR/LOC,noun
ḫavōrunni,ḫavor+ni-ne,Himmel,ABL/INS,noun
ḫavōrunni,ḫavor+ni-ne-e,Himmel,RELAT.SG-DIR/LOC,noun
ḫavōrunniba,ḫavor+ni-ne-va,Himmel,RELAT.SG-DAT,noun
ḫavōrunnibi,ḫavor+ni-ne-ve,Himmel,RELAT.SG-GEN,noun
ḫavōrunnibina,ḫavor+ni-ne-ve-na,Himmel,RELAT.SG-GEN-RELAT.PL.ABS,noun
ḫavōrunnin,ḫavor+ni-ne-n,Himmel,RELAT.SG-ABL/INS,noun
ḫavōrunnini,ḫavor+ni-ne-ne,Himmel,RELAT.SG-ABL/INS,noun
ḫavōrunnišša,ḫavor+ni-ne-ž=nna,Himmel,RELAT.SG-ERG=3SG.ABS,noun
ḫawsuġa,ḫauz+o+ġe-a,u.B.,ESS,noun
ḫawsuġa,ḫauz-oġ-a,u.B.,oġ-3A.SG,verb
ḫawsuġa,ḫauz-oġ-a,u.B.,oġ-INT,verb
ḫaziana,ḫaziani-a,Bürgermeister,ESS,noun
ḫaīb,ḫa-i-b,nehmen,ANTIP-b,verb
ḫaštalli,ḫašt+al+i-ne,u.B.,ABL/INS,noun
ḫaštalli,ḫašt+al+i-ne-e,u.B.,RELAT.SG-DIR/LOC,noun
ḫaštalli,ḫašt-al-i-le,u.B.,al-MOD.AG-1JUSS,verb
ḫaštalli,ḫaštalli,u.B.,.ABS,noun
ḫaššiadi,ḫaššiadi,Bogen?,.ABS,noun
ḫaššiadi,ḫaššiadi,u.B.,.ABS,noun
ḫaššiadināža,ḫaššiadi-na-až-a,Bogen?,RELAT.PL-PL-DAT/ESS,noun
ḫažara,ḫāž+ar+i-a,Öl,ESS,noun
ḫažari,ḫāž+ar+i,Öl,.ABS,noun
ḫažarrež,ḫāž+ar+i-ne-ž,Öl,RELAT.SG-ERG,noun
ḫažarrež,ḫāž+arri-ž,Öl,ERG,noun
ḫažarri,ḫāž+ar+i-ne-e,Öl,RELAT.SG-DIR/LOC,noun
ḫažarrāe,ḫāž+arri-ae,Öl,INS,noun
ḫažarrāi,ḫāž+arri-ae,Öl,INS,noun
ḫažarāe,ḫāž+ar+i-ae,Öl,INS,noun
ḫažaštili,ḫaž-ašt-i-le,hören,RES-MOD.AG-1JUSS,verb
ḫažažilaum,ḫaž-až-il-aw=m,hören,až-il-1A.SG=2SG.ABS,verb
ḫažimarri,Ḫažimari-ne,GN,ABL/INS,noun
ḫažimma,ḫaž-i=mma,hören,ANTIP=2SG.ABS,verb
ḫažimma,ḫaž-i=mma,hören,TR.IMP=2SG.ABS,verb
ḫažimāi,ḫaž-i+m+ae,hören,CVB,verb
ḫažāe,ḫāži-ae,u.B.,INS,noun
ḫažāri,ḫāž+ar+i,Öl,.ABS,noun
ḫebad,Ḫebad,DN,,noun
ḫebad,Ḫebad,DN,.ABS,noun
ḫebaduž,Ḫebad-ož,DN,ERG,noun
ḫebapta,Ḫebad-va,DN,DAT,noun
ḫebapti,Ḫebad-ve,DN,GEN,noun
ḫebatpabnibal,Ḫebad-ve-ne-va=l,DN,GEN-RELAT.SG-DAT=3PL.ABS,noun
ḫebatte,Ḫebad-ve,DN,GEN,noun
ḫebattenažuž,Ḫebad-ve-na-až-ož,DN,GEN-RELAT.PL-PL-ERG,noun
ḫebattenāžōž,Ḫebad-ve-na-až-ož,DN,GEN-RELAT.PL-PL-ERG,noun
ḫebatti,Ḫebad-ve,DN,GEN,noun
ḫeiaruḫḫi,ḫi+ar+o+ḫḫe,Gold; Goldenes; golden,.ABS,noun
ḫelda,ḫild-a,u.B.,INT,verb
ḫelda,ḫilde-a,u.B.,ESS,noun
ḫeldeni,ḫelde-ne,u.B.,ABL/INS,noun
ḫeldeni,ḫelde-ne-e,u.B.,RELAT.SG-DIR/LOC,noun
ḫeldāralla,ḫild+ār+i-a=lla,u.B.,ESS=3PL.ABS,noun
ḫeldāralla,ḫild-ar-a=lla,u.B.,ITER-3A.SG=3PL.ABS,verb
ḫeldāralla,ḫild-ar-a=lla,u.B.,ITER-INT=3PL.ABS,verb
ḫellamōla,ḫill-am-ol-a,mitteilen,FACT-ol-3A.SG,verb
ḫellaḫḫōri,ḫell+aḫḫ+ō+re,u.B.,.ABS,noun
ḫellib,ḫill-i-b,mitteilen,ANTIP-b,verb
ḫellibādi,ḫill-i-vade,mitteilen,AG-ADJ.NEG.ABS,verb
ḫellidi,ḫill-ed-i,mitteilen,FUT-ANTIP,verb
ḫellim,ḫill-i=m,mitteilen,ANTIP=2SG.ABS,verb
ḫellim,ḫill-i=m,mitteilen,ANTIP=CON,verb
ḫellim,ḫill-i=m,mitteilen,TR.IMP=2SG.ABS,verb
ḫellim,ḫill-i=m,mitteilen,TR.IMP=CON,verb
ḫellāmōla,ḫill-am-ol-a,mitteilen,FACT-ol-3A.SG,verb
ḫelōva,ḫelōvi-a,Ruhm,ESS,noun
ḫenni,ḫenni,jetzt,,ADV
ḫennēma,ḫenni=ma,jetzt,=CON,ADV
ḫenzā,ḫenz-a,schulden?,INT,verb
ḫenzā,ḫenzi-a,Schuld?,ESS,noun
ḫenzādu,ḫenz+ād-u,verschuldet sein?,MED,verb
ḫerida,ḫeri-da,u.B.,DIR,noun
ḫerida,ḫeri-i-da,u.B.,3POSS.SG-DIR,noun
ḫerinež,ḫeri-ne-ž,u.B.,RELAT.SG-ERG,noun
ḫerāri,ḫer+ār+i,Oberarm?,.ABS,noun
ḫerāġi,ḫeraġi,Oberarm,.ABS,noun
ḫeēr,ḫēr,u.B.,,unclear
ḫežminiž,ḫižmi-ne-ž,"Glanz, glänzend",RELAT.SG-ERG,noun
ḫežāla,ḫež+āl-a,nackt sein,INT,verb
ḫežāla,ḫežāli-a,"nackt, Nackter",ESS,noun
ḫiara,ḫi+ar+i-a,Gold,ESS,noun
ḫiarrež,ḫiari-ne-ž,u.B.,RELAT.SG-ERG,noun
ḫiarunna,ḫiar+o+ni-na,sämtliche,RELAT.PL.ABS,ADJ
ḫiaruḫḫa,ḫi+ar+o+ḫḫe-a,Gold; Goldenes; golden,ESS,noun
ḫiaruḫḫi,ḫi+ar+o+ḫḫe,Gold; Goldenes; golden,.ABS,noun
ḫiaruḫḫina,ḫi+ar+o+ḫḫe-na,Gold; Goldenes; golden,RELAT.PL.ABS,noun
ḫiaruḫḫināža,ḫi+ar+o+ḫḫe-na-až-a,Gold; Goldenes; golden,RELAT.PL-PL-DAT/ESS,noun
ḫibaptenida,Ḫebad-ve-ne-da,DN,GEN-RELAT.SG-DIR,noun
ḫibarni,ḫibar+ni,u.B.,.ABS,noun
ḫibulēž,ḫib-o-l-ež,u.B.,MOD.PAT-l-OPT,noun
ḫideneve,ḫide-ne-ve,u.B.,RELAT.SG-GEN,noun
ḫilde,ḫil-id-en,u.B.,PL.A-3JUSS,verb
ḫilde,ḫilde,u.B.,.ABS,noun
ḫiliġini,ḫil+i+ġe-ne,u.B.,ABL/INS,noun
ḫiliġini,ḫil+i+ġe-ne-e,u.B.,RELAT.SG-DIR/LOC,noun
ḫillamen,ḫill-am-i-en,mitteilen,FACT-MOD.AG-3JUSS,verb
ḫillamen,ḫill-am-i=n,mitteilen,FACT-ANTIP=3SG.ABS,verb
ḫillamen,ḫill-am-i=n,mitteilen,FACT-ANTIP=CON,verb
ḫillamen,ḫillame-n,u.B.,ABL/INS,noun
ḫillamen,ḫillame=n,u.B.,.ABS=3SG.ABS,noun
ḫillamen,ḫillame=n,u.B.,.ABS=CON,noun
ḫilli,ḫill-i,mitteilen,ANTIP,verb
ḫilli,ḫill-i,mitteilen,TR.IMP,verb
ḫillib,ḫill-i-b,mitteilen,ANTIP-b,verb
ḫillidi,ḫill-ed-i,mitteilen,FUT-ANTIP,verb
ḫillēdi,ḫill-ed-i,mitteilen,FUT-ANTIP,verb
ḫillēl,ḫill-i=l,mitteilen,TR.IMP=3PL.ABS,verb
ḫimzatḫōži,ḫimz+a+tḫ-ož-i,gürten,PST-ANTIP,verb
ḫimzatḫōži,ḫimz+atḫ+ō+že,gegürtet,.ABS,ADJ
ḫimzidu,ḫimz-id-o,binden; sich gürten,PL.A-TR.PFV,verb
ḫinimma,ḫenni=mma,jetzt,=2SG.ABS,ADV
ḫinimma,ḫenni=mma,jetzt,=CON,ADV
ḫinni,ḫenni,jetzt,,ADV
ḫinnim,ḫenni=m,jetzt,=CON,ADV
ḫinnima,ḫenni=ma,jetzt,=CON,ADV
ḫinnimma,ḫenni=mma,jetzt,=2SG.ABS,ADV
ḫinnēma,ḫenni=ma,jetzt,=CON,ADV
ḫinzida,ḫenzi-i-da,Schuld?,3POSS.SG-DIR,noun
ḫinzurinna,ḫinzori-nna,Apfel,EQU2,noun
ḫinzurulāež,ḫinz-ur-o-l-ae-ž,u.B.,ur-MOD.PAT-l-PURP-ž,noun
ḫinzōrinna,ḫinzori-nna,Apfel,EQU2,noun
ḫiraġella,ḫir-aġ-i=lla,u.B.,aġ-ANTIP=3PL.ABS,verb
ḫiraġella,ḫiraġe-i=lla,u.B.,3POSS.SG.ABS=3PL.ABS,noun
ḫiri,ḫiri,u.B.,.ABS,noun
ḫirinnel,ḫiri+ni-ne-e=l,u.B.,RELAT.SG-DIR/LOC=3PL.ABS,noun
ḫirinnel,ḫiri+ni-ne=l,u.B.,ABL/INS=3PL.ABS,noun
ḫirīdi,ḫir+īdi,Graben?,.ABS,noun
ḫivollāda,ḫiv+oll+āde-a,u.B.,ESS,noun
ḫivollāda,ḫiv-oll-ad-a,u.B.,oll-ad-3A.SG,verb
ḫivollāda,ḫiv-oll-ad-a,u.B.,oll-ad-INT,verb
ḫižarduġullēbi,ḫiž+ar+d+o+ġ+o+li-ne-ve,u.B.,RELAT.SG-GEN,noun
ḫižma,ḫižm-a,glänzen,INT,verb
ḫižma,ḫižmi-a,"Glanz, glänzend",ESS,noun
ḫižmenež,ḫižmi-ne-ž,"Glanz, glänzend",RELAT.SG-ERG,noun
ḫižmini,ḫižmi-ne,"Glanz, glänzend",ABL/INS,noun
ḫižmini,ḫižmi-ne-e,"Glanz, glänzend",RELAT.SG-DIR/LOC,noun
ḫižmūža,ḫižm+o+že-a,glänzend,ESS,ADJ
ḫubli,ḫubl-i,verschließen?,ANTIP,verb
ḫubli,ḫubl-i,verschließen?,TR.IMP,verb
ḫubna,ḫubni-a,u.B.,ESS,noun
ḫuburriba,ḫuburi-ne-va,u.B.,RELAT.SG-DAT,noun
ḫuburridal,ḫuburi-ne-da=l,u.B.,RELAT.SG-DIR=3PL.ABS,noun
ḫubuštab,ḫub-ušt-aw,zerbrechen,RES-1A.SG,verb
ḫudenāža,Ḫōde-na-až-a,DN,RELAT.PL-PL-DAT/ESS,noun
ḫudidaw,ḫōd-ed-aw,beten; preisen; segnen,FUT-1A.SG,verb
ḫuenivan,ḫue+ni-i-va=an,u.B.,3POSS.SG-DAT=CON,noun
ḫuenivan,ḫue+ni-i-va=n,u.B.,3POSS.SG-DAT=3SG.ABS,noun
ḫuenivan,ḫue+ni-va=an,u.B.,DAT=CON,noun
ḫuenivan,ḫue+ni-va=n,u.B.,DAT=3SG.ABS,noun
ḫuenivan,ḫue-ne-va=an,u.B.,RELAT.SG-DAT=CON,noun
ḫuenivan,ḫue-ne-va=n,u.B.,RELAT.SG-DAT=3SG.ABS,noun
ḫuišša,ḫo+i+šše-a,Ruf; Aufruf,ESS,noun
ḫuiššeni,ḫo+i+šše-ne,Ruf; Aufruf,ABL/INS,noun
ḫuldib,ḫul-d-i-b,u.B.,d-ANTIP-b,verb
ḫuldib,ḫuld-i-b,u.B.,ANTIP-b,verb
ḫullurēva,ḫull+o+re-i-va,u.B.,3POSS.SG-DAT,noun
ḫullurēva,ḫull+o+re-va,u.B.,DAT,noun
ḫullurēva,ḫull-ur-i-eva,u.B.,ur-MOD.AG-POT,verb
ḫumaruġinan,ḫōm+ar+o+ḫḫe-na=an,lapislazuli,RELAT.PL.ABS=CON,ADJ
ḫuppadedu,ḫupp+ad-ed-o,u.B.,FUT-2A.SG,verb
ḫuppadedu,ḫupp+ad-ed-u,u.B.,FUT-MED,verb
ḫupši,ḫupš-i,u.B.,ANTIP,verb
ḫupši,ḫupši,u.B.,.ABS,noun
ḫurida,ḫōri-i-da,Schoß,3POSS.SG-DIR,noun
ḫuruššibināža,ḫur+o+šše-ve-na-až-a,u.B.,GEN-RELAT.PL-PL-DAT/ESS,noun
ḫutḫi,ḫutḫi,Preisung,.ABS,noun
ḫutḫiž,ḫutḫ-i-ež,preisen,MOD.AG-OPT,verb
ḫutḫiž,ḫutḫi-i-ž,Preisung,3POSS.SG-ERG,noun
ḫutḫiž,ḫutḫi-ž,Preisung,ERG,noun
ḫuwavain,Ḫuwava+i=n,DN,.ABS=3SG.ABS,noun
ḫuwavain,Ḫuwava+i=n,DN,.ABS=CON,noun
ḫuwe,ḫue,u.B.,.ABS,noun
ḫuwe,ḫō-i,rufen,TR.IMP,verb
ḫuwe,ḫūe,u.B.,,INTJ
ḫuwikaudi,ka-ud-i,u.B.,ud-ANTIP,verb
ḫuwikaudi,ka-ud-i,u.B.,ud-TR.IMP,verb
ḫuwikaudi,kaudi,u.B.,.ABS,noun
ḫuwikaudi,ḫō-i,rufen,ANTIP,verb
ḫuwikaudi,ḫō-i,rufen,TR.IMP,verb
ḫuwikaudi,ḫūigaudi,u.B.,.ABS,noun
ḫuštenāža,ḫušte-na-až-a,u.B.,RELAT.PL-PL-DAT/ESS,noun
ḫužušta,ḫōž-ož-d-a,binden,PST-PL.A-3A,verb
ḫužušta,ḫōž-ušt-a,binden,RES-3A.SG,verb
ḫužūwa,ḫōž-u-a,binden,MED-3A.SG,verb
ḫābužib,ḫāb+o+že-v,u.B.,2POSS.SG.ABS,noun
ḫābōžib,ḫāb+o+že-v,u.B.,2POSS.SG.ABS,noun
ḫāe,ḫa-i,nehmen,TR.IMP,verb
ḫāi,ḫa-i,nehmen,ANTIP,verb
ḫāi,ḫa-i,nehmen,TR.IMP,verb
ḫāib,ḫa-i-b,nehmen,ANTIP-b,verb
ḫāib,ḫa-i=m,nehmen,ANTIP=CON,verb
ḫāibād,ḫa-i-b-a=d,nehmen,ANTIP-b-EPNTH=1SG.ABS,verb
ḫāibād,ḫa-i-eva=d,nehmen,MOD.AG-POT=1SG.ABS,verb
ḫāide,ḫa-id-en,nehmen,PL.A-3JUSS,verb
ḫāiden,ḫa-id-en,nehmen,PL.A-3JUSS,verb
ḫāigalli,ḫāigali-ne,Palast,ABL/INS,noun
ḫāigalli,ḫāigali-ne-e,Palast,RELAT.SG-DIR/LOC,noun
ḫāiži,ḫa-iž-i,nehmen,iž-ANTIP,verb
ḫāiži,ḫā+i+že,u.B.,.ABS,noun
ḫāl,ḫa-a=l,nehmen,INT=3PL.ABS,verb
ḫāllāi,ḫāl-i-l-ae,wegtragen,MOD.AG-l-PURP,verb
ḫālōli,ḫālōli,Weintrauben,.ABS,noun
ḫāni,ḫān-i,gebären,ANTIP,verb
ḫāni,ḫāni,Kind; Säugling,.ABS,noun
ḫānie,ḫāni-e,Kind; Säugling,3POSS.SG.ABS,noun
ḫānie,ḫāni-i-e,Kind; Säugling,3POSS.SG-DIR/LOC,noun
ḫānubasḫi,ḫān+u+b+a+sḫe,Fruchtbarkeit,.ABS,noun
ḫāpšī,ḫapš-i,u.B.,ANTIP,verb
ḫāra,ḫār-a,u.B.,INT,verb
ḫāra,ḫāri-a,Weg,ESS,noun
ḫārapḫaēm,ḫār+a+ġe-ve-ae=m,u.B.,GEN-INS=2SG.ABS,noun
ḫārapḫāīb,ḫār+a+ġe-ve-ae=v,u.B.,GEN-INS=2PL.ABS,noun
ḫārapḫāīm,ḫār+a+ġe-ve-ae=m,u.B.,GEN-INS=2SG.ABS,noun
ḫāri,ḫār-i,u.B.,ANTIP,verb
ḫāri,ḫāri,Weg,.ABS,noun
ḫārra,ḫāri-na,Weg,RELAT.PL.ABS,noun
ḫārra,ḫāri-na,u.B.,RELAT.PL.ABS,noun
ḫārri,ḫār-i-le,u.B.,MOD.AG-1JUSS,verb
ḫārri,ḫāri-ne,Weg,ABL/INS,noun
ḫārri,ḫāri-ne-e,Weg,RELAT.SG-DIR/LOC,noun
ḫārrēma,ḫāri-ne-e=ma,Weg,RELAT.SG-DIR/LOC=CON,noun
ḫārrēma,ḫāri-ne=ma,Weg,ABL/INS=CON,noun
ḫāruwi,ḫāru+i,u.B.,,ADV
ḫāruwi,ḫāruwi,u.B.,.ABS,noun
ḫārāpḫāi,ḫār+a+ġe-ve-ae,u.B.,GEN-INS,noun
ḫārēni,ḫāri-e-ne,Weg,3POSS.SG-ABL/INS,noun
ḫārēni,ḫārē-ne,u.B.,ABL/INS,noun
ḫārēni,ḫārē-ne-e,u.B.,RELAT.SG-DIR/LOC,noun
ḫāulimāīn,ḫa-ol-i+m+ae-n,nehmen,ol-CVB-n,verb
ḫāum,ḫa-o-m,nehmen,TR.PFV-3A.SG,verb
ḫāuža,ḫa-ož-a,nehmen,PST-3A.SG,verb
ḫāuži,ḫa-ož-i,nehmen,PST-ANTIP,verb
ḫāvorunneva,ḫavor+ni-ne-va,Himmel,RELAT.SG-DAT,noun
ḫāvōrunnīra,ḫavor+ni-ne-ra,Himmel,RELAT.SG-COM,noun
ḫāvōžina,ḫāv+ō+že-na,u.B.,RELAT.PL.ABS,noun
ḫāzizāe,ḫassizi-ae,Verstand,INS,noun
ḫāġippinama,ḫāġi-v-ve-na=ma,u.B.,2POSS.SG-GEN-RELAT.PL.ABS=CON,noun
ḫāīb,ḫa-i-b,nehmen,ANTIP-b,verb
ḫāōppul,ḫa-uffu=l,nehmen,1A.SG.NEG=3PL.ABS,verb
ḫāšši,ḫa-a-šše,nehmen,INT-NMLZ.ABS,verb
ḫāšši,ḫašši,u.B.,.ABS,noun
ḫāž,ḫa-a,nehmen,INT,verb
ḫāža,ḫaž-a,hören,INT,verb
ḫāža,ḫāž-a,salben,INT,verb
ḫāža,ḫāž-a,u.B.,INT,verb
ḫāža,ḫāži-a,u.B.,ESS,noun
ḫāžara,ḫāž+ar+i-a,Öl,ESS,noun
ḫāžarae,ḫāž+ar+i-ae,Öl,INS,noun
ḫāžari,ḫāž+ar+i,Öl,.ABS,noun
ḫāžarinna,ḫaž-ar-i=nna,hören,ITER-ANTIP=3SG.ABS,verb
ḫāžarinna,ḫaž-ar-i=nna,hören,ITER-TR.IMP=3SG.ABS,verb
ḫāžarinna,ḫāž+ar+i-i-nna,Öl,3POSS.SG-EQU2,noun
ḫāžarinna,ḫāž+ar+i-nna,Öl,EQU2,noun
ḫāžarinna,ḫāž+ar+i=nna,Öl,.ABS=3SG.ABS,noun
ḫāžarinna,ḫāž-ar-i=nna,salben,ITER-ANTIP=3SG.ABS,verb
ḫāžarinna,ḫāž-ar-i=nna,salben,ITER-TR.IMP=3SG.ABS,verb
ḫāžarri,ḫāž+ar+i-ne-e,Öl,RELAT.SG-DIR/LOC,noun
ḫāžarri,ḫāž+arri,Öl,.ABS,noun
ḫāžarri,ḫāž+arri-ž,Öl,ERG,noun
ḫāžarridal,ḫāž+arri-da=l,Öl,DIR=3PL.ABS,noun
ḫāžarrie,ḫāž+ar+i-ne-ž,Öl,RELAT.SG-ERG,noun
ḫāžarrima,ḫāž+arri=ma,Öl,.ABS=CON,noun
ḫāžarrī,ḫāž+arri-ž,Öl,ERG,noun
ḫāžarāe,ḫāž+ar+i-ae,Öl,INS,noun
ḫāžarāi,ḫāž+ar+i-ae,Öl,INS,noun
ḫāžažib,ḫaž-až-i-b,hören,až-ANTIP-b,verb
ḫāžažib,ḫāž+a+že-v,u.B.,2POSS.SG.ABS,noun
ḫāžažilēž,ḫaž-až-i-l-ež,hören,až-MOD.AG-l-OPT,verb
ḫāžažimmi,ḫāž+až+i+mmi,u.B.,.ABS,noun
ḫāžerāe,ḫāžeri-ae,Dolch,INS,noun
ḫāžimmie,ḫāži+mmi-e,u.B.,3POSS.SG.ABS,noun
ḫāžimmie,ḫāži+mmē,u.B.,.ABS,noun
ḫāžinduž,ḫāž-ind-o-ež,salben,PL.A-MOD.PAT-OPT,verb
ḫāžu,ḫāž-o,salben,MOD.PAT,verb
ḫāžu,ḫāž-u,salben,MED,verb
ḫāžulēž,ḫāž-o-l-ež,salben,MOD.PAT-l-OPT,verb
ḫāžuža,ḫaž-ož-a,hören,PST-3A.SG,verb
ḫāžuža,ḫāž-ož-a,salben,PST-3A.SG,verb
ḫāžāri,ḫāž+ar+i,Öl,.ABS,noun
ḫāžāri,ḫāž-ar-i,salben,ITER-ANTIP,verb
ḫāžēra,ḫāžeri-a,Dolch,ESS,noun
ḫāžīdūl,ḫaž-id-o=l,hören,PL.A-TR.PFV=3PL.ABS,verb
ḫāžīmai,ḫaž-i+m+ae,hören,CVB,verb
ḫāžōža,ḫaž-ož-a,hören,PST-3A.SG,verb
ḫāžōža,ḫāž-ož-a,salben,PST-3A.SG,verb
ḫāḫḫiniž,ḫāḫḫi-ne-ž,u.B.,RELAT.SG-ERG,noun
ḫēaraštēda,ḫē-ar-ašt-ed-a,u.B.,ITER-RES-FUT-3A.SG,noun
ḫēbādōi,Ḫēbādu-ve,DN,GEN,noun
ḫēlištu,ḫēl-išt-o,u.B.,RES-MOD.PAT,verb
ḫēlištu,ḫēl-išt-u,u.B.,RES-MED,verb
ḫēlōva,ḫelōvi-a,Ruhm,ESS,noun
ḫēri,ḫeri,u.B.,.ABS,noun
ḫēri,ḫēr-i,u.B.,ANTIP,verb
ḫērāri,ḫer+ār+i,Oberarm?,.ABS,noun
ḫēġōži,ḫēġ+ō+že,u.B.,.ABS,noun
ḫīdam,Ḫīdam,DN,.ABS,noun
ḫīdūri,ḫīd-ur-i,u.B.,ur-ANTIP,verb
ḫīdūri,ḫīdūri,u.B.,.ABS,noun
ḫīla,ḫil-a,u.B.,INT,verb
ḫīla,ḫili-a,u.B.,ESS,noun
ḫīlēšta,ḫil-ešt-a,u.B.,RES-3A.SG,verb
ḫīlēšta,ḫil-ešt-a,u.B.,RES-INT,verb
ḫīlēšta,ḫīlēšti-a,u.B.,ESS,noun
ḫīria,ḫīri-i-a,Zeit,3POSS.SG-ESS,noun
ḫīžāri,ḫīž+ār+i,u.B.,.ABS,noun
ḫīžāri,ḫīž-ar-i,u.B.,ITER-ANTIP,verb
ḫōbidi,ḫōb+idi,Stierkalb,.ABS,noun
ḫōbidōda,ḫōbidōdi-a,u.B.,ESS,noun
ḫōbiž,ḫōb-i-ež,zerbrechen,MOD.AG-OPT,verb
ḫōbiž,ḫōbi-ž,u.B.,ERG,noun
ḫōbra,ḫōbri-a,u.B.,ESS,noun
ḫōbri,ḫōbri,u.B.,.ABS,noun
ḫōbrib,ḫōbri-v,u.B.,2POSS.SG.ABS,noun
ḫōbānab,ḫōb-an-a-b,u.B.,an-INT-b,verb
ḫōbānab,ḫōb-an-a-b,zerbrechen,an-INT-b,verb
ḫōbēdi,ḫōb+idi,Stierkalb,.ABS,noun
ḫōbēdi,ḫōb-ed-i,u.B.,FUT-ANTIP,verb
ḫōdanna,ḫōd+a+nni-a,Gebet,ESS,noun
ḫōdanna,ḫōd+a+nni-na,Gebet,RELAT.PL.ABS,noun
ḫōdannaražāe,ḫōd+a+nn+ar+a+že-ae,u.B.,INS,noun
ḫōdannaražāi,ḫōd+a+nn+ar+a+že-ae,u.B.,INS,noun
ḫōdanni,ḫōd+a+nni,Gebet,.ABS,noun
ḫōdannibāe,ḫōd+a+nni-ve-ae,Gebet,GEN-INS,noun
ḫōdannida,ḫōd+a+nni-da,Gebet,DIR,noun
ḫōdannida,ḫōd+a+nni-i-da,Gebet,3POSS.SG-DIR,noun
ḫōdannāe,ḫōd+a+nni-ae,Gebet,INS,noun
ḫōdedemaen,ḫōd-i+m+ae-n,beten; preisen; segnen,CVB-n,verb
ḫōdellurražuž,Ḫōdellori-na-až-ož,DN,RELAT.PL-PL-ERG,noun
ḫōdemae,ḫōd-i+m+ae,beten; preisen; segnen,CVB,verb
ḫōdena,Ḫōde-na,DN,RELAT.PL.ABS,noun
ḫōdenažuž,Ḫōde-na-až-ož,DN,RELAT.PL-PL-ERG,noun
ḫōdenažāi,Ḫōde-na-až-ve-ae,DN,RELAT.PL-PL-GEN-INS,noun
ḫōdenāžuž,Ḫōde-na-až-ož,DN,RELAT.PL-PL-ERG,noun
ḫōdenāžōž,Ḫōde-na-až-ož,DN,RELAT.PL-PL-ERG,noun
ḫōdernaaštōġulēdan,ašt-oġ-ol-ed-a=an,u.B.,oġ-ol-FUT-3A.SG=CON,verb
ḫōdernaaštōġulēdan,ašt-oġ-ol-ed-a=n,u.B.,oġ-ol-FUT-3A.SG=3SG.ABS,verb
ḫōdernaaštōġulēdan,tōġ-ol-ed-a=an,u.B.,ol-FUT-3A.SG=CON,verb
ḫōdernaaštōġulēdan,tōġ-ol-ed-a=n,u.B.,ol-FUT-3A.SG=3SG.ABS,verb
ḫōdernaaštōġulēdan,tōġuli-e-da=an,u.B.,3POSS.SG-DIR=CON,noun
ḫōdernaaštōġulēdan,tōġuli-e-da=n,u.B.,3POSS.SG-DIR=3SG.ABS,noun
ḫōdernaaštōġulēdan,tōġuli-e-dan,u.B.,3POSS.SG-ABL,noun
ḫōdernaaštōġulēdan,ḫōder+na-ž,u.B.,ERG,noun
ḫōdernaaštōġulēdan,ḫōder+ni-a,u.B.,ESS,noun
ḫōdež,ḫōde-ž,u.B.,ERG,noun
ḫōdinaži,Ḫōde-na-až-ve,DN,RELAT.PL-PL-GEN,noun
ḫōdra,ḫōdri-a,u.B.,ESS,noun
ḫōdurum,ḫōd-ur-o-m,beten; preisen; segnen,ur-TR.PFV-3A.SG,verb
ḫōduttum,ḫōd-ud-id-o=m,beten; preisen; segnen,NEG-PL.A-TR.PFV=2SG.ABS,verb
ḫōduttum,ḫōd-ud-id-o=m,beten; preisen; segnen,ud-PL.A-TR.PFV=2SG.ABS,verb
ḫōdōma,ḫōd-o=ma,beten; preisen; segnen,MOD.PAT=CON,verb
ḫōenievanippi,evani-iffe,u.B.,1POSS.SG.ABS,noun
ḫōenievanippi,nipp-i,u.B.,ANTIP,verb
ḫōenievanippi,nippi,u.B.,.ABS,noun
ḫōenievanippi,ḫowe+ni,u.B.,.ABS,noun
ḫōenievanippi,ḫowe+ni-e-va,u.B.,3POSS.SG-DAT,noun
ḫōenievanippi,ḫowe-ne,u.B.,ABL/INS,noun
ḫōenievanippi,ḫowe-ne-e,u.B.,RELAT.SG-DIR/LOC,noun
ḫōenievanippi,ḫowe-ne-va,u.B.,RELAT.SG-DAT,noun
ḫōenēmma,ḫowe+ni-e=mma,u.B.,3POSS.SG.ABS=2SG.ABS,noun
ḫōenēmma,ḫowe+ni-e=mma,u.B.,3POSS.SG.ABS=CON,noun
ḫōenēmma,ḫowe+ni-i-e=mma,u.B.,3POSS.SG-DIR/LOC=2SG.ABS,noun
ḫōenēmma,ḫowe+ni-i-e=mma,u.B.,3POSS.SG-DIR/LOC=CON,noun
ḫōenēmma,ḫowe-ne-e=mma,u.B.,RELAT.SG-DIR/LOC=2SG.ABS,noun
ḫōenēmma,ḫowe-ne-e=mma,u.B.,RELAT.SG-DIR/LOC=CON,noun
ḫōenēmma,ḫowe-ne=mma,u.B.,ABL/INS=2SG.ABS,noun
ḫōenēmma,ḫowe-ne=mma,u.B.,ABL/INS=CON,noun
ḫōenēva,ḫowe+ni-e-va,u.B.,3POSS.SG-DAT,noun
ḫōenēva,ḫowe-ne-va,u.B.,RELAT.SG-DAT,noun
ḫōi,ḫō-i,rufen,TR.IMP,verb
ḫōidan,ḫō-id-en,rufen,PL.A-3JUSS,verb
ḫōidu,ḫō-id-o,rufen,PL.A-TR.PFV,verb
ḫōiella,ḫō-i=lla,rufen,TR.IMP=3PL.ABS,verb
ḫōili,ḫō-i-le,rufen,MOD.AG-1JUSS,verb
ḫōiġia,ḫō+i+ġe-i-a,Ruf?; das Rufen?,3POSS.SG-ESS,noun
ḫōiġiani,ḫō+i+ġe-i-ane,Ruf?; das Rufen?,3POSS.SG-ABL/INS,noun
ḫōlelzida,ḫōlel+zi-da,u.B.,DIR,noun
ḫōlelzida,ḫōlel+zi-i-da,u.B.,3POSS.SG-DIR,noun
ḫōlliaž,ḫōlli-i-až,u.B.,3POSS-PL.ABS,noun
ḫōlulidu,ḫōl-ol-id-o,u.B.,ol-PL.A-TR.PFV,verb
ḫōlāmmi,ḫōl-amm-i,u.B.,FACT-ANTIP,verb
ḫōlāmmi,ḫōlā+mmi,u.B.,.ABS,noun
ḫōmari,ḫōmari,Lapislazuli,.ABS,noun
ḫōmari,ḫōmari,u.B.,.ABS,noun
ḫōmarida,ḫōmari-da,Lapislazuli,DIR,noun
ḫōmarrinin,ḫōmari-ne-ne=n,Lapislazuli,RELAT.SG-ABL/INS=CON,noun
ḫōmarrinin,ḫōmarri-ne-n,Lapislazuli,RELAT.SG-ABL/INS,noun
ḫōmaruḫḫina,ḫōm+ar+o+ḫḫe-na,lapislazuli,RELAT.PL.ABS,ADJ
ḫōmbārži,ḫomb+ar+ži,u.B.,.ABS,noun
ḫōmmāruḫḫināža,ḫōm+ar+o+ḫḫe-na-až-a,lapislazuli,RELAT.PL-PL-DAT/ESS,ADJ
ḫōmni,ḫōmni,Asche; Staub,.ABS,noun
ḫōmnummi,ḫōmn-umme,u.B.,INF.ABS,NF
ḫōni,ḫōuni,u.B.,.ABS,noun
ḫōnžini,ḫōnži-ne,u.B.,ABL/INS,noun
ḫōnžini,ḫōnži-ne-e,u.B.,RELAT.SG-DIR/LOC,noun
ḫōpten,ḫōp-id-en,u.B.,PL.A-3JUSS,verb
ḫōpten,ḫōp-t-i-en,u.B.,t-MOD.AG-3JUSS,verb
ḫōpten,ḫōpt-i-en,u.B.,MOD.AG-3JUSS,verb
ḫōpten,ḫōpte-n,u.B.,ABL/INS,noun
ḫōpten,ḫōpte=n,u.B.,.ABS=3SG.ABS,noun
ḫōpten,ḫōpte=n,u.B.,.ABS=CON,noun
ḫōpšineva,ḫōpši-ne-va,u.B.,RELAT.SG-DAT,noun
ḫōraidan,ḫōra-i-da=n,Schoß,3POSS.SG-DIR=3SG.ABS,noun
ḫōraīa,ḫōra-i-a,u.B.,TR-3A.SG,verb
ḫōrdi,ḫōrdi,Fenster?,.ABS,noun
ḫōrida,ḫōri-da,Schoß,DIR,noun
ḫōrida,ḫōri-i-da,Schoß,3POSS.SG-DIR,noun
ḫōrraža,ḫōri-na-až-a,u.B.,RELAT.PL-PL-DAT/ESS,noun
ḫōrražalla,ḫōri-na-až-a=lla,u.B.,RELAT.PL-PL-DAT/ESS=3PL.ABS,noun
ḫōrruštāw,ḫōrr-ošt-aw,u.B.,RES-1A.SG,verb
ḫōruppi,ḫōr-upp-i,u.B.,upp-ANTIP,verb
ḫōruppi,ḫūruffe,Rhyton,.ABS,noun
ḫōruwāda,ḫōr+o+vāde-a,u.B.,ESS,noun
ḫōruššia,ḫōrušši-a,u.B.,ESS,noun
ḫōrvini,ḫōrvi-ne,u.B.,ABL/INS,noun
ḫōrvini,ḫōrvi-ne-e,u.B.,RELAT.SG-DIR/LOC,noun
ḫōrvāde,ḫōrv+āde,u.B.,.ABS,noun
ḫōrāmi,ḫōr-am-i,u.B.,FACT-ANTIP,verb
ḫōrāmi,ḫōrāmi,u.B.,.ABS,noun
ḫōttum,ḫōd-id-o=m,beten; preisen; segnen,PL.A-TR.PFV=2SG.ABS,verb
ḫōīb,ḫō-i-b,rufen,ANTIP-b,verb
ḫōītḫa,ḫō+ī+tḫe-a,u.B.,ESS,noun
ḫōšti,ḫōš-d-i,u.B.,d-ANTIP,verb
ḫōšti,ḫōšt-i,u.B.,ANTIP,verb
ḫōšti,ḫōšti,ein Stein,.ABS,noun
ḫōšti,ḫōšti,u.B.,.ABS,noun
ḫōštivuwām,ḫōšti-iffu-va=m,u.B.,1POSS.SG-DAT=2SG.ABS,noun
ḫōštivuwām,ḫōšti-iffu-va=m,u.B.,1POSS.SG-DAT=CON,noun
ḫōštivuwām,ḫōšti-iffu-ve=m,u.B.,1POSS.SG-GEN=2SG.ABS,noun
ḫōššini,ḫōšši-ne-e,u.B.,RELAT.SG-DIR/LOC,noun
ḫōžellandin,ḫōž-ill-and-i-n,binden,ill-PL.A-MOD.AG-n,verb
ḫōžellandin,ḫōž-ill-and-i=n,binden,ill-PL.A-MOD.AG=3SG.ABS,verb
ḫōžellāin,ḫō-ož-ill-i-ae-n,rufen,ož-ill-MOD.AG-PURP-n,verb
ḫōžellāin,ḫō-ož-ill-i-ae=n,rufen,ož-ill-MOD.AG-PURP=3SG.ABS,verb
ḫōžellāin,ḫō-ož-ill-i-ae=n,rufen,ož-ill-MOD.AG-PURP=CON,verb
ḫōžellāin,ḫōž-il-i-l-ae-n,binden,il-MOD.AG-l-PURP-n,verb
ḫōžellāin,ḫōž-il-i-l-ae=n,binden,il-MOD.AG-l-PURP=3SG.ABS,verb
ḫōžellāin,ḫōž-il-i-l-ae=n,binden,il-MOD.AG-l-PURP=CON,verb
ḫōžellāin,ḫōž-ill-i-ae-n,binden,ill-MOD.AG-PURP-n,verb
ḫōžellāin,ḫōž-ill-i-ae=n,binden,ill-MOD.AG-PURP=3SG.ABS,verb
ḫōžellāin,ḫōž-ill-i-ae=n,binden,ill-MOD.AG-PURP=CON,verb
ḫōžia,ḫōž-i-a,binden,TR-3A.SG,verb
ḫōžuni,ḫōž-on-i,binden,on-ANTIP,verb
ḫōžuni,ḫōžuni,u.B.,.ABS,noun
ḫōžurraža,ḫōžuri-na-až-a,u.B.,RELAT.PL-PL-DAT/ESS,noun
ḫōžuwa,ḫōž-u-a,binden,MED-3A.SG,verb
ḫōžuwa,ḫōž-u-a,u.B.,MED-3A.SG,verb
ḫōžānōla,ḫōž-an-ol-a,u.B.,an-ol-INT,verb
ḫōžīw,ḫōž-i-o,binden,TR-2A.SG,verb
ḫōžīw,ḫōž-i-o,u.B.,TR-2A.SG,verb
ḫūruffeni,ḫūruffe-ne-e,Rhyton,RELAT.SG-DIR/LOC,noun
ḫūžia,ḫūž-i-a,binden?,TR-3A.SG,verb
ḫūžia,ḫūži-i-a,u.B.,3POSS.SG-ESS,noun
